geneID,kME
TRINITY_DN295075_c3_g1,0
TRINITY_DN294775_c0_g1,0
TRINITY_DN312737_c2_g5,0
TRINITY_DN293689_c0_g1,0
TRINITY_DN311476_c1_g3,0
TRINITY_DN294775_c0_g2,0
TRINITY_DN296759_c4_g1,0
TRINITY_DN276418_c0_g1,0
TRINITY_DN293689_c0_g3,0
TRINITY_DN298848_c3_g2,0
TRINITY_DN139711_c0_g1,0
TRINITY_DN296798_c5_g3,0
TRINITY_DN294184_c0_g1,0
TRINITY_DN299653_c1_g2,0
TRINITY_DN293383_c0_g1,0
TRINITY_DN293385_c0_g1,0
TRINITY_DN255993_c0_g1,0
TRINITY_DN293394_c0_g1,0
TRINITY_DN316993_c1_g1,0
TRINITY_DN310743_c5_g1,0
TRINITY_DN311738_c1_g1,0
TRINITY_DN277209_c0_g1,0
TRINITY_DN231598_c0_g2,0
TRINITY_DN296377_c0_g2,0
TRINITY_DN314275_c4_g3,0
TRINITY_DN294767_c5_g2,0
TRINITY_DN312702_c0_g1,0
TRINITY_DN311463_c3_g2,0
TRINITY_DN292978_c1_g13,0
TRINITY_DN294781_c1_g1,0
TRINITY_DN271649_c0_g1,0
TRINITY_DN233040_c0_g2,0
TRINITY_DN278928_c0_g1,0
TRINITY_DN311463_c2_g1,0
TRINITY_DN311789_c4_g1,0
TRINITY_DN276409_c0_g1,0
TRINITY_DN274831_c0_g1,0
TRINITY_DN292998_c5_g6,0
TRINITY_DN59463_c0_g1,0
TRINITY_DN311493_c0_g1,0
TRINITY_DN298149_c0_g1,0
TRINITY_DN277252_c0_g1,0
TRINITY_DN274697_c0_g1,0
TRINITY_DN278965_c0_g1,0
TRINITY_DN175487_c0_g1,0
TRINITY_DN276943_c0_g1,0
TRINITY_DN151688_c0_g1,0
TRINITY_DN271596_c0_g1,0
TRINITY_DN278995_c0_g1,0
TRINITY_DN227360_c0_g2,0
TRINITY_DN299252_c4_g1,0
TRINITY_DN231504_c0_g1,0
TRINITY_DN277373_c0_g1,0
TRINITY_DN151705_c0_g1,0
TRINITY_DN296771_c4_g2,0
TRINITY_DN278325_c0_g1,0
TRINITY_DN102431_c0_g1,0
TRINITY_DN10208_c0_g1,0
TRINITY_DN255960_c0_g1,0
TRINITY_DN256557_c0_g2,0
TRINITY_DN46127_c0_g1,0
TRINITY_DN172940_c0_g1,0
TRINITY_DN298605_c1_g1,0
TRINITY_DN294767_c5_g3,0
TRINITY_DN299755_c1_g2,0
TRINITY_DN34409_c0_g1,0
TRINITY_DN210344_c0_g2,0
TRINITY_DN298612_c2_g9,0
TRINITY_DN238280_c0_g1,0
TRINITY_DN228040_c0_g1,0
TRINITY_DN312042_c0_g2,0
TRINITY_DN255879_c0_g1,0
TRINITY_DN294767_c5_g1,0
TRINITY_DN296270_c3_g1,0
TRINITY_DN517_c0_g1,0
TRINITY_DN4924_c0_g1,0
TRINITY_DN292335_c2_g3,0
TRINITY_DN255282_c0_g2,0
TRINITY_DN254215_c0_g1,0
TRINITY_DN6785_c0_g1,0
TRINITY_DN314624_c7_g1,0
TRINITY_DN311465_c0_g1,0
TRINITY_DN663193_c0_g1,0
TRINITY_DN311789_c3_g5,0
TRINITY_DN160346_c0_g1,0
TRINITY_DN292392_c0_g2,0
TRINITY_DN340826_c0_g1,0
TRINITY_DN294675_c1_g3,0
TRINITY_DN296270_c3_g3,0
TRINITY_DN293398_c1_g1,0
TRINITY_DN25183_c0_g1,0
TRINITY_DN310739_c1_g1,0
TRINITY_DN526802_c0_g1,0
TRINITY_DN294767_c5_g4,0
TRINITY_DN292338_c3_g2,0
TRINITY_DN115882_c0_g1,0
TRINITY_DN316904_c5_g1,0
TRINITY_DN292978_c1_g3,0
TRINITY_DN298615_c0_g2,0
TRINITY_DN663141_c0_g1,0
TRINITY_DN172839_c0_g1,0
TRINITY_DN316904_c8_g7,0
TRINITY_DN292371_c1_g1,0
TRINITY_DN299703_c0_g2,0
TRINITY_DN278999_c3_g5,0
TRINITY_DN62289_c0_g1,0
TRINITY_DN616819_c0_g1,0
TRINITY_DN27464_c0_g1,0
TRINITY_DN105050_c0_g1,0
TRINITY_DN610807_c0_g1,0
TRINITY_DN316937_c0_g4,0
TRINITY_DN66605_c0_g1,0
TRINITY_DN310739_c1_g5,0
TRINITY_DN175172_c0_g1,0
TRINITY_DN238618_c0_g1,0
TRINITY_DN276917_c1_g1,0
TRINITY_DN316904_c8_g3,0
TRINITY_DN173983_c0_g1,0
TRINITY_DN220166_c0_g1,0
TRINITY_DN278999_c2_g1,0
TRINITY_DN293478_c2_g10,0
TRINITY_DN254235_c0_g2,0
TRINITY_DN316937_c0_g2,0
TRINITY_DN524047_c0_g1,0
TRINITY_DN293398_c2_g4,0
TRINITY_DN312087_c2_g11,0
TRINITY_DN278821_c0_g4,0
TRINITY_DN67693_c0_g1,0
TRINITY_DN584390_c0_g1,0
TRINITY_DN151589_c0_g1,0
TRINITY_DN401259_c0_g1,0
TRINITY_DN226191_c0_g1,0
TRINITY_DN292384_c0_g1,0
TRINITY_DN314832_c0_g1,0
TRINITY_DN298805_c0_g2,0
TRINITY_DN311414_c0_g1,0
TRINITY_DN311774_c0_g1,0
TRINITY_DN276607_c0_g1,0
TRINITY_DN312093_c0_g7,0
TRINITY_DN311418_c0_g2,0
TRINITY_DN312003_c1_g6,0
TRINITY_DN254309_c0_g1,0
TRINITY_DN311783_c0_g2,0
TRINITY_DN312752_c3_g1,0
TRINITY_DN299729_c1_g1,0
TRINITY_DN314234_c0_g5,0
TRINITY_DN295269_c0_g3,0
TRINITY_DN314834_c0_g2,0
TRINITY_DN296278_c0_g3,0
TRINITY_DN316260_c0_g1,0
TRINITY_DN293332_c0_g1,0
TRINITY_DN316951_c1_g2,0
TRINITY_DN295224_c1_g2,0
TRINITY_DN293494_c0_g1,0
TRINITY_DN255876_c0_g1,0
TRINITY_DN312707_c1_g1,0
TRINITY_DN310027_c1_g1,0
TRINITY_DN295218_c0_g1,0
TRINITY_DN314645_c3_g3,0
TRINITY_DN312005_c0_g4,0
TRINITY_DN312090_c4_g1,0
TRINITY_DN276264_c0_g3,0
TRINITY_DN299789_c0_g1,0
TRINITY_DN299275_c0_g1,0
TRINITY_DN310744_c0_g3,0
TRINITY_DN298618_c0_g1,0
TRINITY_DN276631_c0_g2,0
TRINITY_DN255257_c0_g1,0
TRINITY_DN276910_c0_g2,0
TRINITY_DN294194_c0_g2,0
TRINITY_DN314645_c3_g1,0
TRINITY_DN298834_c0_g2,0
TRINITY_DN293332_c0_g2,0
TRINITY_DN292331_c0_g1,0
TRINITY_DN314842_c0_g2,0
TRINITY_DN292970_c0_g1,0
TRINITY_DN310084_c1_g1,0
TRINITY_DN277915_c0_g1,0
TRINITY_DN311987_c0_g6,0
TRINITY_DN234168_c0_g1,0
TRINITY_DN312725_c0_g2,0
TRINITY_DN294657_c0_g2,0
TRINITY_DN226183_c0_g1,0
TRINITY_DN295213_c0_g1,0
TRINITY_DN299755_c1_g4,0
TRINITY_DN310085_c0_g1,0
TRINITY_DN226686_c0_g1,0
TRINITY_DN311987_c0_g1,0
TRINITY_DN276992_c0_g1,0
TRINITY_DN299032_c0_g1,0
TRINITY_DN299722_c1_g1,0
TRINITY_DN293348_c0_g2,0
TRINITY_DN310746_c0_g1,0
TRINITY_DN254239_c0_g1,0
TRINITY_DN298805_c0_g1,0
TRINITY_DN311484_c1_g3,0
TRINITY_DN274054_c0_g1,0
TRINITY_DN298173_c0_g1,0
TRINITY_DN256219_c0_g2,0
TRINITY_DN274635_c0_g1,0
TRINITY_DN310765_c2_g2,0
TRINITY_DN293492_c0_g1,0
TRINITY_DN314831_c1_g1,0
TRINITY_DN312737_c2_g4,0
TRINITY_DN274823_c0_g1,0
TRINITY_DN299263_c0_g1,0
TRINITY_DN314196_c0_g1,0
TRINITY_DN298834_c0_g1,0
TRINITY_DN276025_c0_g1,0
TRINITY_DN296278_c0_g5,0
TRINITY_DN298843_c0_g1,0
TRINITY_DN311484_c1_g1,0
TRINITY_DN292660_c0_g1,0
TRINITY_DN318563_c0_g1,0
TRINITY_DN293455_c0_g1,0
TRINITY_DN277371_c0_g1,0
TRINITY_DN271265_c0_g1,0
TRINITY_DN298602_c0_g1,0
TRINITY_DN310084_c1_g2,0
TRINITY_DN276016_c0_g1,0
TRINITY_DN292320_c0_g4,0
TRINITY_DN316649_c0_g1,0
TRINITY_DN276554_c0_g1,0
TRINITY_DN277215_c0_g1,0
TRINITY_DN274809_c0_g1,0
TRINITY_DN311753_c2_g3,0
TRINITY_DN311742_c0_g1,0
TRINITY_DN3495_c0_g1,0
TRINITY_DN296377_c0_g1,0
TRINITY_DN312726_c1_g3,0
TRINITY_DN293895_c0_g1,0
TRINITY_DN254084_c0_g1,0
TRINITY_DN274840_c0_g2,0
TRINITY_DN293682_c3_g2,0
TRINITY_DN294194_c0_g1,0
TRINITY_DN316900_c0_g3,0
TRINITY_DN292320_c0_g2,0
TRINITY_DN298841_c2_g1,0
TRINITY_DN314864_c1_g2,0
TRINITY_DN259595_c0_g1,0
TRINITY_DN298164_c0_g1,0
TRINITY_DN312745_c1_g3,0
TRINITY_DN311468_c0_g1,0
TRINITY_DN276063_c0_g1,0
TRINITY_DN292998_c2_g1,0
TRINITY_DN314168_c2_g5,0
TRINITY_DN294161_c0_g2,0
TRINITY_DN311484_c1_g5,0
TRINITY_DN292975_c0_g1,0
TRINITY_DN271000_c0_g1,0
TRINITY_DN277393_c0_g1,0
TRINITY_DN223644_c0_g1,0
TRINITY_DN293350_c0_g1,0
TRINITY_DN311753_c2_g8,0
TRINITY_DN298805_c0_g4,0
TRINITY_DN276974_c0_g1,0
TRINITY_DN274001_c0_g1,0
TRINITY_DN294652_c0_g3,0
TRINITY_DN276022_c0_g1,0
TRINITY_DN276264_c0_g1,0
TRINITY_DN316900_c0_g1,0
TRINITY_DN316900_c0_g2,0
TRINITY_DN299263_c0_g3,0
TRINITY_DN277043_c0_g1,0
TRINITY_DN276910_c0_g1,0
TRINITY_DN38592_c0_g1,0
TRINITY_DN314236_c0_g1,0
TRINITY_DN299755_c1_g3,0
TRINITY_DN310746_c0_g3,0
TRINITY_DN295269_c0_g4,0
TRINITY_DN314643_c0_g3,0
TRINITY_DN271268_c0_g1,0
TRINITY_DN256326_c0_g1,0
TRINITY_DN296362_c0_g2,0
TRINITY_DN316991_c4_g1,0
TRINITY_DN295071_c1_g1,0
TRINITY_DN294161_c0_g1,0
TRINITY_DN295269_c0_g5,0
TRINITY_DN314109_c1_g1,0
TRINITY_DN298831_c0_g1,0
TRINITY_DN278923_c1_g1,0
TRINITY_DN314157_c1_g1,0
TRINITY_DN311788_c0_g1,0
TRINITY_DN299658_c5_g1,0
TRINITY_DN298476_c0_g1,0
TRINITY_DN293818_c3_g2,0
TRINITY_DN316228_c3_g1,0
TRINITY_DN277394_c0_g1,0
TRINITY_DN299276_c0_g3,0
TRINITY_DN311070_c0_g3,0
TRINITY_DN276293_c0_g1,0
TRINITY_DN310742_c1_g1,0
TRINITY_DN251094_c0_g1,0
TRINITY_DN293499_c0_g1,0
TRINITY_DN296362_c0_g5,0
TRINITY_DN312007_c1_g4,0
TRINITY_DN295083_c1_g3,0
TRINITY_DN312001_c0_g1,0
TRINITY_DN278824_c0_g1,0
TRINITY_DN274795_c0_g2,0
TRINITY_DN252876_c0_g1,0
TRINITY_DN312726_c1_g1,0
TRINITY_DN25521_c0_g1,0
TRINITY_DN298147_c1_g1,0
TRINITY_DN293456_c0_g2,0
TRINITY_DN277053_c0_g1,0
TRINITY_DN316260_c0_g3,0
TRINITY_DN524499_c0_g1,0
TRINITY_DN316210_c3_g3,0
TRINITY_DN292378_c0_g2,0
TRINITY_DN294674_c6_g1,0
TRINITY_DN292396_c0_g3,0
TRINITY_DN299020_c1_g1,0
TRINITY_DN294619_c0_g2,0
TRINITY_DN223830_c0_g1,0
TRINITY_DN295225_c1_g1,0
TRINITY_DN312745_c1_g6,0
TRINITY_DN311077_c1_g1,0
TRINITY_DN312741_c6_g2,0
TRINITY_DN312728_c0_g1,0
TRINITY_DN296278_c0_g4,0
TRINITY_DN278343_c0_g1,0
TRINITY_DN292396_c0_g2,0
TRINITY_DN316936_c5_g1,0
TRINITY_DN274570_c1_g1,0
TRINITY_DN296758_c2_g5,0
TRINITY_DN311478_c1_g1,0
TRINITY_DN250557_c0_g1,0
TRINITY_DN299255_c0_g5,0
TRINITY_DN314626_c2_g5,0
TRINITY_DN293491_c0_g1,0
TRINITY_DN312719_c0_g1,0
TRINITY_DN276015_c0_g1,0
TRINITY_DN310761_c3_g4,0
TRINITY_DN299255_c0_g1,0
TRINITY_DN296786_c0_g3,0
TRINITY_DN316210_c2_g1,0
TRINITY_DN299263_c0_g2,0
TRINITY_DN292382_c1_g2,0
TRINITY_DN175296_c0_g1,0
TRINITY_DN296376_c0_g1,0
TRINITY_DN293691_c0_g1,0
TRINITY_DN311419_c1_g2,0
TRINITY_DN299783_c0_g3,0
TRINITY_DN271275_c0_g1,0
TRINITY_DN299209_c0_g1,0
TRINITY_DN292396_c0_g1,0
TRINITY_DN295223_c0_g1,0
TRINITY_DN316223_c6_g3,0
TRINITY_DN271688_c0_g1,0
TRINITY_DN316221_c2_g2,0
TRINITY_DN299040_c0_g1,0
TRINITY_DN296786_c0_g1,0
TRINITY_DN317243_c9_g4,0
TRINITY_DN292950_c0_g1,0
TRINITY_DN276445_c0_g1,0
TRINITY_DN294789_c1_g1,0
TRINITY_DN316221_c2_g4,0
TRINITY_DN311419_c1_g1,0
TRINITY_DN277395_c0_g1,0
TRINITY_DN292970_c0_g2,0
TRINITY_DN295216_c0_g2,0
TRINITY_DN298802_c0_g2,0
TRINITY_DN259522_c1_g1,0
TRINITY_DN6371_c0_g1,0
TRINITY_DN314863_c3_g4,0
TRINITY_DN298832_c1_g1,0
TRINITY_DN111410_c0_g1,0
TRINITY_DN312745_c1_g1,0
TRINITY_DN299750_c3_g3,0
TRINITY_DN274005_c0_g1,0
TRINITY_DN292382_c0_g1,0
TRINITY_DN311418_c0_g3,0
TRINITY_DN310742_c1_g3,0
TRINITY_DN314176_c1_g1,0
TRINITY_DN228042_c0_g1,0
TRINITY_DN614028_c0_g1,0
TRINITY_DN274662_c0_g1,0
TRINITY_DN314173_c1_g1,0
TRINITY_DN299291_c1_g1,0
TRINITY_DN314109_c2_g1,0
TRINITY_DN2119_c1_g1,0
TRINITY_DN295269_c0_g6,0
TRINITY_DN311986_c0_g1,0
TRINITY_DN295225_c0_g2,0
TRINITY_DN277000_c0_g1,0
TRINITY_DN317261_c5_g1,0
TRINITY_DN231207_c0_g1,0
TRINITY_DN294650_c0_g4,0
TRINITY_DN172838_c0_g1,0
TRINITY_DN298237_c0_g2,0
TRINITY_DN314160_c4_g1,0
TRINITY_DN292909_c0_g1,0
TRINITY_DN255899_c0_g1,0
TRINITY_DN311412_c1_g1,0
TRINITY_DN295270_c0_g1,0
TRINITY_DN274058_c0_g1,0
TRINITY_DN292387_c4_g1,0
TRINITY_DN274808_c0_g1,0
TRINITY_DN643084_c0_g1,0
TRINITY_DN311486_c4_g1,0
TRINITY_DN292914_c1_g1,0
TRINITY_DN312713_c2_g1,0
TRINITY_DN292979_c1_g6,0
TRINITY_DN296791_c0_g1,0
TRINITY_DN276935_c0_g1,0
TRINITY_DN293818_c2_g2,0
TRINITY_DN293493_c3_g1,0
TRINITY_DN317263_c4_g2,0
TRINITY_DN312737_c2_g3,0
TRINITY_DN292396_c0_g4,0
TRINITY_DN45784_c0_g1,0
TRINITY_DN226664_c0_g1,0
TRINITY_DN312741_c6_g4,0
TRINITY_DN314831_c0_g1,0
TRINITY_DN259162_c0_g1,0
TRINITY_DN298177_c0_g1,0
TRINITY_DN312705_c0_g2,0
TRINITY_DN277047_c0_g1,0
TRINITY_DN172833_c0_g1,0
TRINITY_DN299758_c2_g1,0
TRINITY_DN276293_c0_g2,0
TRINITY_DN294779_c1_g9,0
TRINITY_DN553854_c0_g1,0
TRINITY_DN223640_c0_g1,0
TRINITY_DN311478_c1_g2,0
TRINITY_DN310761_c3_g1,0
TRINITY_DN314275_c4_g1,0
TRINITY_DN292370_c1_g7,0
TRINITY_DN294776_c2_g6,0
TRINITY_DN299758_c1_g1,0
TRINITY_DN312754_c1_g1,0
TRINITY_DN292387_c1_g4,0
TRINITY_DN293499_c0_g3,0
TRINITY_DN298166_c2_g3,0
TRINITY_DN296757_c2_g1,0
TRINITY_DN316973_c2_g1,0
TRINITY_DN294189_c0_g1,0
TRINITY_DN234177_c0_g1,0
TRINITY_DN274731_c0_g1,0
TRINITY_DN311791_c2_g1,0
TRINITY_DN298167_c0_g1,0
TRINITY_DN314629_c0_g1,0
TRINITY_DN227390_c0_g1,0
TRINITY_DN314258_c2_g2,0
TRINITY_DN310743_c0_g1,0
TRINITY_DN312744_c0_g1,0
TRINITY_DN293818_c2_g1,0
TRINITY_DN256575_c0_g2,0
TRINITY_DN312088_c0_g6,0
TRINITY_DN104613_c0_g1,0
TRINITY_DN226618_c0_g1,0
TRINITY_DN226922_c0_g1,0
TRINITY_DN292387_c8_g1,0
TRINITY_DN259522_c0_g1,0
TRINITY_DN298863_c0_g2,0
TRINITY_DN298417_c1_g1,0
TRINITY_DN233686_c0_g1,0
TRINITY_DN314167_c0_g1,0
TRINITY_DN294772_c2_g5,0
TRINITY_DN312065_c5_g2,0
TRINITY_DN278380_c0_g1,0
TRINITY_DN316237_c1_g2,0
TRINITY_DN312717_c0_g3,0
TRINITY_DN274796_c0_g1,0
TRINITY_DN293455_c0_g2,0
TRINITY_DN314885_c1_g6,0
TRINITY_DN299252_c4_g2,0
TRINITY_DN25194_c0_g1,0
TRINITY_DN314109_c2_g3,0
TRINITY_DN293493_c3_g6,0
TRINITY_DN298165_c0_g2,0
TRINITY_DN310763_c4_g2,0
TRINITY_DN294779_c1_g7,0
TRINITY_DN255905_c0_g1,0
TRINITY_DN294655_c2_g1,0
TRINITY_DN314170_c2_g1,0
TRINITY_DN252261_c0_g1,0
TRINITY_DN311465_c2_g1,0
TRINITY_DN296379_c5_g1,0
TRINITY_DN299291_c1_g2,0
TRINITY_DN314179_c1_g1,0
TRINITY_DN296770_c4_g1,0
TRINITY_DN299782_c1_g3,0
TRINITY_DN314157_c1_g3,0
TRINITY_DN296788_c3_g1,0
TRINITY_DN276539_c0_g1,0
TRINITY_DN276582_c0_g1,0
TRINITY_DN292335_c2_g2,0
TRINITY_DN10633_c0_g1,0
TRINITY_DN294185_c1_g1,0
TRINITY_DN616047_c0_g1,0
TRINITY_DN226613_c0_g1,0
TRINITY_DN314645_c3_g2,0
TRINITY_DN223898_c0_g1,0
TRINITY_DN251132_c0_g1,0
TRINITY_DN294662_c0_g1,0
TRINITY_DN298604_c8_g3,0
TRINITY_DN295225_c0_g1,0
TRINITY_DN680_c0_g1,0
TRINITY_DN255991_c0_g1,0
TRINITY_DN256642_c1_g1,0
TRINITY_DN22778_c0_g1,0
TRINITY_DN257903_c0_g1,0
TRINITY_DN312752_c2_g1,0
TRINITY_DN544815_c0_g1,0
TRINITY_DN649561_c0_g1,0
TRINITY_DN234167_c0_g1,0
TRINITY_DN293826_c5_g4,0
TRINITY_DN311475_c2_g4,0
TRINITY_DN312094_c0_g6,0
TRINITY_DN312705_c0_g3,0
TRINITY_DN278348_c0_g2,0
TRINITY_DN294778_c1_g1,0
TRINITY_DN299654_c1_g9,0
TRINITY_DN314177_c0_g1,0
TRINITY_DN298612_c2_g2,0
TRINITY_DN544012_c0_g1,0
TRINITY_DN311794_c1_g1,0
TRINITY_DN256462_c0_g1,0
TRINITY_DN310080_c0_g3,0
TRINITY_DN111543_c0_g1,0
TRINITY_DN111591_c0_g1,0
TRINITY_DN104274_c0_g1,0
TRINITY_DN292371_c3_g1,0
TRINITY_DN310082_c1_g1,0
TRINITY_DN338231_c0_g1,0
TRINITY_DN299656_c3_g3,0
TRINITY_DN298179_c0_g2,0
TRINITY_DN312722_c2_g1,0
TRINITY_DN228043_c0_g1,0
TRINITY_DN316223_c5_g1,0
TRINITY_DN340660_c0_g1,0
TRINITY_DN256325_c0_g1,0
TRINITY_DN316993_c2_g1,0
TRINITY_DN10562_c0_g1,0
TRINITY_DN296776_c0_g1,0
TRINITY_DN22035_c0_g1,0
TRINITY_DN294674_c7_g1,0
TRINITY_DN276081_c0_g1,0
TRINITY_DN311758_c0_g4,0
TRINITY_DN256592_c0_g1,0
TRINITY_DN294781_c2_g1,0
TRINITY_DN276935_c0_g2,0
TRINITY_DN293493_c3_g4,0
TRINITY_DN310742_c1_g4,0
TRINITY_DN223890_c0_g1,0
TRINITY_DN298862_c0_g2,0
TRINITY_DN310742_c1_g5,0
TRINITY_DN104879_c0_g1,0
TRINITY_DN314863_c3_g3,0
TRINITY_DN256462_c0_g2,0
TRINITY_DN311476_c1_g6,0
TRINITY_DN294787_c0_g3,0
TRINITY_DN670317_c0_g1,0
TRINITY_DN299270_c6_g1,0
TRINITY_DN317296_c6_g2,0
TRINITY_DN311794_c0_g3,0
TRINITY_DN484519_c0_g1,0
TRINITY_DN594669_c0_g1,0
TRINITY_DN314152_c5_g3,0
TRINITY_DN544161_c0_g1,0
TRINITY_DN25598_c0_g1,0
TRINITY_DN299276_c0_g5,0
TRINITY_DN271641_c0_g3,0
TRINITY_DN312754_c6_g1,0
TRINITY_DN670556_c0_g1,0
TRINITY_DN312745_c1_g2,0
TRINITY_DN294612_c6_g1,0
TRINITY_DN299262_c2_g1,0
TRINITY_DN276081_c0_g2,0
TRINITY_DN294748_c2_g1,0
TRINITY_DN311798_c0_g1,0
TRINITY_DN311798_c0_g2,0
TRINITY_DN298612_c2_g4,0
TRINITY_DN317261_c4_g1,0
TRINITY_DN276265_c2_g1,0
TRINITY_DN254308_c0_g1,0
TRINITY_DN293685_c2_g1,0
TRINITY_DN311791_c1_g2,0
TRINITY_DN299750_c3_g1,0
TRINITY_DN314626_c2_g4,0
TRINITY_DN274735_c0_g1,0
TRINITY_DN276983_c0_g1,0
TRINITY_DN311792_c1_g1,0
TRINITY_DN299270_c7_g1,0
TRINITY_DN294655_c4_g2,0
TRINITY_DN271251_c0_g1,0
TRINITY_DN294187_c0_g1,0
TRINITY_DN298862_c0_g3,0
TRINITY_DN276586_c0_g1,0
TRINITY_DN299750_c2_g1,0
TRINITY_DN294655_c4_g1,0
TRINITY_DN299296_c0_g1,0
TRINITY_DN292383_c0_g1,0
TRINITY_DN278387_c0_g1,0
TRINITY_DN294779_c0_g2,0
TRINITY_DN292979_c1_g2,0
TRINITY_DN312722_c4_g1,0
TRINITY_DN299758_c1_g2,0
TRINITY_DN298447_c1_g1,0
TRINITY_DN298832_c0_g1,0
TRINITY_DN312065_c5_g1,0
TRINITY_DN310761_c3_g3,0
TRINITY_DN294747_c0_g1,0
TRINITY_DN296781_c0_g1,0
TRINITY_DN292973_c0_g1,0
TRINITY_DN316974_c2_g2,0
TRINITY_DN295268_c2_g1,0
TRINITY_DN274865_c0_g1,0
TRINITY_DN298449_c3_g4,0
TRINITY_DN314218_c0_g2,0
TRINITY_DN310742_c0_g4,0
TRINITY_DN274800_c0_g1,0
TRINITY_DN277933_c0_g1,0
TRINITY_DN294783_c0_g1,0
TRINITY_DN310763_c4_g1,0
TRINITY_DN298237_c0_g1,0
TRINITY_DN296758_c2_g1,0
TRINITY_DN277292_c0_g1,0
TRINITY_DN292961_c0_g1,0
TRINITY_DN293450_c1_g1,0
TRINITY_DN4638_c0_g1,0
TRINITY_DN310768_c2_g1,0
TRINITY_DN294759_c0_g1,0
TRINITY_DN311745_c0_g3,0
TRINITY_DN312738_c3_g1,0
TRINITY_DN298167_c1_g1,0
TRINITY_DN256514_c0_g2,0
TRINITY_DN277003_c0_g1,0
TRINITY_DN294778_c3_g3,0
TRINITY_DN295083_c2_g1,0
TRINITY_DN296783_c0_g1,0
TRINITY_DN293349_c0_g1,0
TRINITY_DN298447_c0_g1,0
TRINITY_DN299047_c0_g1,0
TRINITY_DN292999_c3_g1,0
TRINITY_DN299788_c0_g1,0
TRINITY_DN274050_c0_g1,0
TRINITY_DN314848_c0_g1,0
TRINITY_DN298472_c6_g3,0
TRINITY_DN292951_c0_g1,0
TRINITY_DN312740_c0_g1,0
TRINITY_DN299726_c0_g1,0
TRINITY_DN298475_c0_g1,0
TRINITY_DN311475_c2_g1,0
TRINITY_DN311070_c0_g2,0
TRINITY_DN298161_c0_g1,0
TRINITY_DN311743_c1_g1,0
TRINITY_DN316932_c1_g1,0
TRINITY_DN255937_c0_g2,0
TRINITY_DN252362_c0_g1,0
TRINITY_DN312716_c1_g1,0
TRINITY_DN294655_c3_g1,0
TRINITY_DN293398_c2_g7,0
TRINITY_DN314627_c4_g1,0
TRINITY_DN310080_c0_g1,0
TRINITY_DN296706_c2_g1,0
TRINITY_DN296757_c3_g1,0
TRINITY_DN299260_c0_g1,0
TRINITY_DN298836_c0_g1,0
TRINITY_DN311478_c0_g1,0
TRINITY_DN271662_c0_g1,0
TRINITY_DN299022_c0_g1,0
TRINITY_DN299750_c3_g2,0
TRINITY_DN311784_c3_g3,0
TRINITY_DN277207_c0_g1,0
TRINITY_DN271276_c0_g1,0
TRINITY_DN294670_c3_g1,0
TRINITY_DN296362_c0_g1,0
TRINITY_DN276843_c0_g1,0
TRINITY_DN271057_c0_g1,0
TRINITY_DN278966_c0_g2,0
TRINITY_DN314173_c2_g1,0
TRINITY_DN294779_c1_g3,0
TRINITY_DN277009_c0_g1,0
TRINITY_DN299795_c0_g1,0
TRINITY_DN294779_c1_g2,0
TRINITY_DN294101_c0_g1,0
TRINITY_DN294650_c0_g7,0
TRINITY_DN299756_c1_g1,0
TRINITY_DN254083_c0_g1,0
TRINITY_DN298231_c0_g1,0
TRINITY_DN293813_c0_g1,0
TRINITY_DN299795_c0_g2,0
TRINITY_DN310745_c1_g1,0
TRINITY_DN296754_c4_g2,0
TRINITY_DN276575_c0_g1,0
TRINITY_DN294126_c0_g1,0
TRINITY_DN292979_c1_g3,0
TRINITY_DN312739_c5_g1,0
TRINITY_DN296770_c4_g4,0
TRINITY_DN316937_c1_g1,0
TRINITY_DN294650_c0_g2,0
TRINITY_DN292973_c0_g2,0
TRINITY_DN294769_c0_g2,0
TRINITY_DN314867_c0_g1,0
TRINITY_DN312753_c3_g2,0
TRINITY_DN299294_c0_g1,0
TRINITY_DN293495_c0_g1,0
TRINITY_DN298600_c0_g1,0
TRINITY_DN316210_c1_g1,0
TRINITY_DN311752_c0_g1,0
TRINITY_DN298472_c6_g2,0
TRINITY_DN312705_c0_g1,0
TRINITY_DN256323_c0_g1,0
TRINITY_DN299782_c2_g3,0
TRINITY_DN312713_c0_g1,0
TRINITY_DN256245_c0_g1,0
TRINITY_DN311758_c0_g2,0
TRINITY_DN256575_c0_g1,0
TRINITY_DN3463_c0_g1,0
TRINITY_DN277043_c0_g2,0
TRINITY_DN294168_c8_g1,0
TRINITY_DN276064_c0_g1,0
TRINITY_DN298166_c1_g1,0
TRINITY_DN299780_c0_g1,0
TRINITY_DN54414_c0_g1,0
TRINITY_DN293699_c0_g1,0
TRINITY_DN311036_c1_g2,0
TRINITY_DN295073_c1_g1,0
TRINITY_DN252333_c0_g1,0
TRINITY_DN274625_c0_g1,0
TRINITY_DN298847_c1_g3,0
TRINITY_DN314626_c2_g2,0
TRINITY_DN310768_c2_g2,0
TRINITY_DN298861_c0_g1,0
TRINITY_DN293690_c9_g2,0
TRINITY_DN293493_c1_g1,0
TRINITY_DN295265_c0_g1,0
TRINITY_DN298166_c2_g2,0
TRINITY_DN293815_c1_g1,0
TRINITY_DN293345_c0_g1,0
TRINITY_DN314869_c0_g2,0
TRINITY_DN278966_c0_g1,0
TRINITY_DN254006_c0_g1,0
TRINITY_DN257902_c0_g1,0
TRINITY_DN314250_c2_g3,0
TRINITY_DN59464_c0_g1,0
TRINITY_DN292378_c0_g1,0
TRINITY_DN296218_c0_g2,0
TRINITY_DN295227_c0_g1,0
TRINITY_DN293698_c3_g4,0
TRINITY_DN274841_c0_g1,0
TRINITY_DN294107_c0_g2,0
TRINITY_DN277218_c0_g1,0
TRINITY_DN22013_c0_g1,0
TRINITY_DN296719_c0_g1,0
TRINITY_DN298841_c4_g1,0
TRINITY_DN310764_c2_g1,0
TRINITY_DN299790_c2_g3,0
TRINITY_DN296770_c4_g3,0
TRINITY_DN296780_c0_g1,0
TRINITY_DN316904_c8_g6,0
TRINITY_DN292979_c1_g4,0
TRINITY_DN294650_c0_g1,0
TRINITY_DN299672_c0_g1,0
TRINITY_DN293818_c3_g1,0
TRINITY_DN222900_c0_g1,0
TRINITY_DN293450_c1_g3,0
TRINITY_DN684697_c0_g1,0
TRINITY_DN298863_c1_g1,0
TRINITY_DN298417_c3_g4,0
TRINITY_DN293690_c9_g3,0
TRINITY_DN299724_c0_g4,0
TRINITY_DN294787_c0_g1,0
TRINITY_DN310020_c0_g1,0
TRINITY_DN277216_c0_g1,0
TRINITY_DN294779_c1_g1,0
TRINITY_DN311790_c1_g3,0
TRINITY_DN256514_c0_g1,0
TRINITY_DN314643_c0_g2,0
TRINITY_DN292323_c0_g1,0
TRINITY_DN293687_c0_g1,0
TRINITY_DN298166_c1_g2,0
TRINITY_DN256514_c0_g3,0
TRINITY_DN255884_c0_g1,0
TRINITY_DN154815_c0_g1,0
TRINITY_DN298449_c3_g1,0
TRINITY_DN312044_c3_g1,0
TRINITY_DN276041_c1_g1,0
TRINITY_DN278815_c1_g1,0
TRINITY_DN276991_c0_g1,0
TRINITY_DN314629_c1_g1,0
TRINITY_DN293690_c9_g1,0
TRINITY_DN292979_c0_g1,0
TRINITY_DN293450_c1_g2,0
TRINITY_DN314836_c2_g1,0
TRINITY_DN6486_c0_g1,0
TRINITY_DN1313_c0_g1,0
TRINITY_DN299020_c1_g3,0
TRINITY_DN110605_c0_g1,0
TRINITY_DN314107_c4_g1,0
TRINITY_DN311070_c1_g1,0
TRINITY_DN106385_c0_g1,0
TRINITY_DN293398_c2_g11,0
TRINITY_DN299726_c0_g3,0
TRINITY_DN318595_c0_g1,0
TRINITY_DN298841_c5_g2,0
TRINITY_DN314160_c5_g1,0
TRINITY_DN316223_c7_g1,0
TRINITY_DN294789_c1_g2,0
TRINITY_DN37440_c0_g1,0
TRINITY_DN314107_c4_g2,0
TRINITY_DN278999_c3_g9,0
TRINITY_DN316991_c4_g2,0
TRINITY_DN311784_c1_g1,0
TRINITY_DN317690_c0_g1,0
TRINITY_DN316231_c0_g5,0
TRINITY_DN318557_c0_g1,0
TRINITY_DN296750_c0_g1,0
TRINITY_DN278312_c0_g1,0
TRINITY_DN277941_c0_g3,0
TRINITY_DN231508_c0_g1,0
TRINITY_DN298440_c1_g1,0
TRINITY_DN316238_c0_g1,0
TRINITY_DN314216_c9_g1,0
TRINITY_DN317266_c4_g1,0
TRINITY_DN29292_c0_g1,0
TRINITY_DN311478_c0_g3,0
TRINITY_DN311734_c0_g1,0
TRINITY_DN22369_c0_g1,0
TRINITY_DN293486_c0_g2,0
TRINITY_DN317260_c4_g2,0
TRINITY_DN294748_c1_g1,0
TRINITY_DN276860_c0_g1,0
TRINITY_DN316233_c0_g1,0
TRINITY_DN312088_c0_g2,0
TRINITY_DN299255_c0_g2,0
TRINITY_DN226043_c0_g1,0
TRINITY_DN311036_c1_g6,0
TRINITY_DN292327_c0_g2,0
TRINITY_DN292386_c0_g1,0
TRINITY_DN35365_c0_g1,0
TRINITY_DN294198_c5_g1,0
TRINITY_DN314150_c1_g2,0
TRINITY_DN401791_c0_g1,0
TRINITY_DN293698_c3_g2,0
TRINITY_DN293355_c1_g2,0
TRINITY_DN311466_c0_g3,0
TRINITY_DN238430_c0_g1,0
TRINITY_DN298693_c3_g2,0
TRINITY_DN312087_c2_g1,0
TRINITY_DN238258_c0_g1,0
TRINITY_DN294779_c0_g1,0
TRINITY_DN316906_c0_g3,0
TRINITY_DN294770_c0_g1,0
TRINITY_DN29865_c0_g1,0
TRINITY_DN298417_c3_g1,0
TRINITY_DN316994_c2_g1,0
TRINITY_DN211627_c0_g1,0
TRINITY_DN593429_c0_g1,0
TRINITY_DN311792_c0_g1,0
TRINITY_DN254036_c0_g1,0
TRINITY_DN17396_c0_g1,0
TRINITY_DN2272_c0_g1,0
TRINITY_DN296378_c7_g3,0
TRINITY_DN553912_c0_g1,0
TRINITY_DN276267_c0_g1,0
TRINITY_DN296798_c5_g5,0
TRINITY_DN385930_c0_g1,0
TRINITY_DN340697_c0_g1,0
TRINITY_DN299262_c1_g1,0
TRINITY_DN6382_c0_g1,0
TRINITY_DN276068_c0_g2,0
TRINITY_DN35974_c0_g1,0
TRINITY_DN311754_c1_g1,0
TRINITY_DN375603_c0_g1,0
TRINITY_DN649519_c0_g1,0
TRINITY_DN312741_c5_g1,0
TRINITY_DN66408_c0_g1,0
TRINITY_DN104659_c0_g1,0
TRINITY_DN104204_c0_g1,0
TRINITY_DN316996_c1_g1,0
TRINITY_DN385650_c0_g1,0
TRINITY_DN223802_c0_g1,0
TRINITY_DN116735_c0_g2,0
TRINITY_DN293685_c0_g1,0
TRINITY_DN294670_c4_g1,0
TRINITY_DN3516_c0_g1,0
TRINITY_DN6668_c0_g1,0
TRINITY_DN372963_c0_g1,0
TRINITY_DN314830_c1_g1,0
TRINITY_DN299276_c0_g1,0
TRINITY_DN37137_c0_g1,0
TRINITY_DN226751_c0_g1,0
TRINITY_DN312758_c0_g1,0
TRINITY_DN380313_c0_g1,0
TRINITY_DN344664_c0_g1,0
TRINITY_DN371700_c0_g1,0
TRINITY_DN316221_c2_g1,0
TRINITY_DN299253_c0_g1,0
TRINITY_DN278991_c0_g2,0
TRINITY_DN27886_c0_g1,0
TRINITY_DN299251_c0_g1,0
TRINITY_DN294198_c5_g3,0
TRINITY_DN274553_c0_g2,0
TRINITY_DN296374_c0_g3,0
TRINITY_DN292978_c0_g1,0
TRINITY_DN312721_c0_g1,0
TRINITY_DN298814_c0_g4,0
TRINITY_DN299654_c1_g7,0
TRINITY_DN136912_c0_g1,0
TRINITY_DN316904_c7_g3,0
TRINITY_DN231373_c0_g1,0
TRINITY_DN175110_c0_g1,0
TRINITY_DN48458_c0_g1,0
TRINITY_DN295229_c1_g1,0
TRINITY_DN292955_c2_g1,0
TRINITY_DN314279_c0_g1,0
TRINITY_DN298470_c0_g3,0
TRINITY_DN310726_c3_g1,0
TRINITY_DN276939_c0_g1,0
TRINITY_DN316931_c2_g4,0
TRINITY_DN317295_c3_g2,0
TRINITY_DN385747_c0_g1,0
TRINITY_DN294774_c0_g3,0
TRINITY_DN277063_c0_g2,0
TRINITY_DN23427_c0_g1,0
TRINITY_DN298147_c1_g2,0
TRINITY_DN293497_c0_g3,0
TRINITY_DN457302_c0_g1,0
TRINITY_DN251099_c0_g2,0
TRINITY_DN228021_c0_g1,0
TRINITY_DN314252_c0_g2,0
TRINITY_DN296703_c1_g1,0
TRINITY_DN6751_c0_g1,0
TRINITY_DN299654_c1_g4,0
TRINITY_DN277959_c0_g1,0
TRINITY_DN314235_c0_g1,0
TRINITY_DN234234_c0_g1,0
TRINITY_DN314150_c0_g1,0
TRINITY_DN293478_c2_g12,0
TRINITY_DN276555_c0_g1,0
TRINITY_DN314213_c0_g2,0
TRINITY_DN318036_c0_g1,0
TRINITY_DN277323_c0_g1,0
TRINITY_DN312765_c0_g3,0
TRINITY_DN11152_c0_g1,0
TRINITY_DN1396_c0_g1,0
TRINITY_DN296771_c3_g1,0
TRINITY_DN314639_c0_g2,0
TRINITY_DN255937_c0_g1,0
TRINITY_DN296770_c3_g1,0
TRINITY_DN31413_c0_g1,0
TRINITY_DN6255_c0_g1,0
TRINITY_DN35696_c0_g1,0
TRINITY_DN4895_c0_g1,0
TRINITY_DN292910_c0_g5,0
TRINITY_DN255289_c0_g1,0
TRINITY_DN110238_c0_g1,0
TRINITY_DN591461_c0_g1,0
TRINITY_DN4552_c0_g1,0
TRINITY_DN154819_c0_g1,0
TRINITY_DN104339_c0_g1,0
TRINITY_DN226917_c0_g1,0
TRINITY_DN314624_c4_g1,0
TRINITY_DN311740_c1_g1,0
TRINITY_DN314151_c2_g1,0
TRINITY_DN274889_c0_g2,0
TRINITY_DN298144_c0_g1,0
TRINITY_DN37441_c0_g1,0
TRINITY_DN314830_c3_g1,0
TRINITY_DN314235_c1_g2,0
TRINITY_DN314630_c0_g1,0
TRINITY_DN292667_c0_g2,0
TRINITY_DN296372_c0_g1,0
TRINITY_DN356909_c0_g1,0
TRINITY_DN312715_c0_g3,0
TRINITY_DN299782_c2_g9,0
TRINITY_DN689285_c0_g1,0
TRINITY_DN318517_c0_g1,0
TRINITY_DN38559_c0_g1,0
TRINITY_DN151641_c0_g1,0
TRINITY_DN299271_c0_g1,0
TRINITY_DN371664_c0_g1,0
TRINITY_DN254210_c0_g1,0
TRINITY_DN298604_c8_g7,0
TRINITY_DN3531_c0_g1,0
TRINITY_DN619964_c0_g1,0
TRINITY_DN298235_c4_g2,0
TRINITY_DN298604_c2_g1,0
TRINITY_DN311773_c2_g3,0
TRINITY_DN314640_c2_g2,0
TRINITY_DN312721_c0_g6,0
TRINITY_DN256625_c0_g1,0
TRINITY_DN316640_c4_g2,0
TRINITY_DN311462_c1_g2,0
TRINITY_DN314176_c1_g5,0
TRINITY_DN296798_c3_g3,0
TRINITY_DN312719_c0_g4,0
TRINITY_DN314625_c1_g2,0
TRINITY_DN298808_c4_g1,0
TRINITY_DN311793_c4_g1,0
TRINITY_DN293452_c1_g2,0
TRINITY_DN371320_c0_g1,0
TRINITY_DN259521_c0_g1,0
TRINITY_DN311076_c1_g2,0
TRINITY_DN312769_c1_g1,0
TRINITY_DN310086_c1_g4,0
TRINITY_DN316220_c0_g3,0
TRINITY_DN312722_c3_g1,0
TRINITY_DN312761_c0_g3,0
TRINITY_DN314250_c2_g5,0
TRINITY_DN277942_c0_g2,0
TRINITY_DN4402_c0_g2,0
TRINITY_DN6279_c0_g1,0
TRINITY_DN311732_c0_g4,0
TRINITY_DN294196_c0_g2,0
TRINITY_DN292395_c0_g1,0
TRINITY_DN311039_c3_g2,0
TRINITY_DN314216_c8_g1,0
TRINITY_DN296758_c2_g4,0
TRINITY_DN274627_c0_g1,0
TRINITY_DN298472_c6_g4,0
TRINITY_DN314176_c0_g1,0
TRINITY_DN228089_c0_g1,0
TRINITY_DN292387_c5_g1,0
TRINITY_DN299262_c2_g3,0
TRINITY_DN292335_c2_g1,0
TRINITY_DN274797_c0_g1,0
TRINITY_DN292974_c7_g1,0
TRINITY_DN45641_c0_g1,0
TRINITY_DN274798_c0_g1,0
TRINITY_DN278921_c1_g2,0
TRINITY_DN338042_c0_g1,0
TRINITY_DN46453_c0_g1,0
TRINITY_DN299795_c0_g3,0
TRINITY_DN318516_c0_g1,0
TRINITY_DN256622_c0_g1,0
TRINITY_DN173930_c0_g1,0
TRINITY_DN296770_c3_g3,0
TRINITY_DN231087_c1_g1,0
TRINITY_DN649998_c0_g1,0
TRINITY_DN292338_c1_g1,0
TRINITY_DN296219_c2_g3,0
TRINITY_DN274826_c0_g2,0
TRINITY_DN314255_c0_g1,0
TRINITY_DN540533_c0_g1,0
TRINITY_DN231202_c0_g3,0
TRINITY_DN226687_c0_g1,0
TRINITY_DN274055_c0_g1,0
TRINITY_DN316931_c2_g3,0
TRINITY_DN292998_c4_g1,0
TRINITY_DN6178_c0_g1,0
TRINITY_DN312721_c0_g7,0
TRINITY_DN299782_c2_g4,0
TRINITY_DN274890_c0_g1,0
TRINITY_DN102663_c0_g1,0
TRINITY_DN293477_c0_g1,0
TRINITY_DN299656_c1_g1,0
TRINITY_DN48344_c0_g1,0
TRINITY_DN298844_c0_g1,0
TRINITY_DN311498_c1_g2,0
TRINITY_DN111582_c0_g1,0
TRINITY_DN222921_c0_g1,0
TRINITY_DN4433_c0_g1,0
TRINITY_DN220302_c0_g1,0
TRINITY_DN2354_c0_g1,0
TRINITY_DN255890_c0_g1,0
TRINITY_DN299782_c1_g1,0
TRINITY_DN11064_c0_g1,0
TRINITY_DN173575_c0_g1,0
TRINITY_DN294772_c2_g2,0
TRINITY_DN299720_c0_g2,0
TRINITY_DN256514_c0_g4,0
TRINITY_DN292329_c0_g1,0
TRINITY_DN311070_c0_g4,0
TRINITY_DN310732_c2_g5,0
TRINITY_DN401243_c0_g1,0
TRINITY_DN254216_c0_g1,0
TRINITY_DN312761_c0_g2,0
TRINITY_DN540595_c0_g1,0
TRINITY_DN349249_c0_g1,0
TRINITY_DN311787_c1_g1,0
TRINITY_DN311732_c0_g6,0
TRINITY_DN557_c0_g1,0
TRINITY_DN314216_c8_g2,0
TRINITY_DN106380_c0_g1,0
TRINITY_DN59967_c0_g1,0
TRINITY_DN59436_c0_g1,0
TRINITY_DN296270_c3_g6,0
TRINITY_DN256648_c0_g1,0
TRINITY_DN46492_c0_g1,0
TRINITY_DN292958_c0_g2,0
TRINITY_DN310021_c0_g1,0
TRINITY_DN256922_c0_g2,0
TRINITY_DN111592_c0_g1,0
TRINITY_DN2348_c0_g1,0
TRINITY_DN310086_c1_g3,0
TRINITY_DN292974_c6_g1,0
TRINITY_DN668537_c0_g1,0
TRINITY_DN544354_c0_g1,0
TRINITY_DN293826_c5_g1,0
TRINITY_DN299635_c7_g4,0
TRINITY_DN276819_c0_g1,0
TRINITY_DN311715_c0_g3,0
TRINITY_DN312711_c0_g1,0
TRINITY_DN104657_c0_g1,0
TRINITY_DN312795_c0_g1,0
TRINITY_DN59380_c0_g1,0
TRINITY_DN1602_c0_g1,0
TRINITY_DN298449_c4_g5,0
TRINITY_DN68793_c0_g1,0
TRINITY_DN338104_c0_g1,0
TRINITY_DN299049_c1_g3,0
TRINITY_DN314178_c0_g1,0
TRINITY_DN296777_c0_g1,0
TRINITY_DN277085_c1_g1,0
TRINITY_DN259681_c0_g1,0
TRINITY_DN292320_c0_g5,0
TRINITY_DN278990_c0_g1,0
TRINITY_DN226611_c0_g1,0
TRINITY_DN63741_c0_g1,0
TRINITY_DN292903_c0_g1,0
TRINITY_DN296798_c1_g1,0
TRINITY_DN25643_c0_g1,0
TRINITY_DN294675_c1_g4,0
TRINITY_DN384253_c0_g1,0
TRINITY_DN689087_c0_g1,0
TRINITY_DN106784_c0_g1,0
TRINITY_DN15136_c0_g1,0
TRINITY_DN231506_c0_g1,0
TRINITY_DN294137_c1_g6,0
TRINITY_DN312721_c0_g8,0
TRINITY_DN139737_c0_g1,0
TRINITY_DN254004_c0_g2,0
TRINITY_DN375651_c0_g1,0
TRINITY_DN222984_c0_g1,0
TRINITY_DN314884_c0_g2,0
TRINITY_DN274844_c0_g1,0
TRINITY_DN296276_c1_g1,0
TRINITY_DN223807_c0_g1,0
TRINITY_DN293478_c2_g8,0
TRINITY_DN102508_c0_g1,0
TRINITY_DN278348_c0_g1,0
TRINITY_DN215898_c0_g1,0
TRINITY_DN346136_c0_g1,0
TRINITY_DN293452_c1_g6,0
TRINITY_DN317254_c3_g1,0
TRINITY_DN254004_c0_g3,0
TRINITY_DN612712_c0_g1,0
TRINITY_DN254233_c0_g1,0
TRINITY_DN293478_c2_g11,0
TRINITY_DN6686_c0_g1,0
TRINITY_DN312795_c0_g5,0
TRINITY_DN102375_c0_g1,0
TRINITY_DN298867_c0_g1,0
TRINITY_DN312083_c3_g2,0
TRINITY_DN659541_c0_g1,0
TRINITY_DN316233_c0_g2,0
TRINITY_DN274620_c0_g2,0
TRINITY_DN1764_c0_g1,0
TRINITY_DN385770_c0_g1,0
TRINITY_DN61935_c0_g1,0
TRINITY_DN310733_c0_g1,0
TRINITY_DN256684_c0_g1,0
TRINITY_DN227339_c0_g1,0
TRINITY_DN314172_c2_g1,0
TRINITY_DN310747_c2_g1,0
TRINITY_DN256626_c0_g1,0
TRINITY_DN316233_c1_g2,0
TRINITY_DN295262_c4_g1,0
TRINITY_DN277072_c0_g2,0
TRINITY_DN256616_c0_g1,0
TRINITY_DN293355_c1_g4,0
TRINITY_DN292998_c4_g3,0
TRINITY_DN276295_c0_g1,0
TRINITY_DN311789_c5_g1,0
TRINITY_DN271274_c0_g1,0
TRINITY_DN643081_c0_g1,0
TRINITY_DN293493_c2_g1,0
TRINITY_DN371663_c0_g1,0
TRINITY_DN274844_c0_g2,0
TRINITY_DN173924_c0_g1,0
TRINITY_DN295076_c0_g1,0
TRINITY_DN6744_c0_g1,0
TRINITY_DN68847_c0_g1,0
TRINITY_DN277916_c0_g1,0
TRINITY_DN255991_c0_g2,0
TRINITY_DN176935_c0_g1,0
TRINITY_DN35192_c0_g1,0
TRINITY_DN234971_c0_g1,0
TRINITY_DN254230_c0_g1,0
TRINITY_DN3187_c0_g1,0
TRINITY_DN299700_c1_g2,0
TRINITY_DN293826_c5_g10,0
TRINITY_DN6639_c0_g1,0
TRINITY_DN276044_c0_g1,0
TRINITY_DN296771_c4_g7,0
TRINITY_DN274791_c0_g1,0
TRINITY_DN457871_c0_g1,0
TRINITY_DN292320_c0_g1,0
TRINITY_DN296378_c7_g2,0
TRINITY_DN25186_c0_g1,0
TRINITY_DN276550_c2_g1,0
TRINITY_DN299782_c2_g8,0
TRINITY_DN222992_c1_g1,0
TRINITY_DN226044_c0_g1,0
TRINITY_DN312746_c0_g1,0
TRINITY_DN256935_c0_g1,0
TRINITY_DN299722_c0_g3,0
TRINITY_DN40177_c0_g2,0
TRINITY_DN316953_c9_g3,0
TRINITY_DN294612_c7_g2,0
TRINITY_DN293685_c3_g2,0
TRINITY_DN312004_c0_g1,0
TRINITY_DN311466_c0_g1,0
TRINITY_DN312721_c0_g5,0
TRINITY_DN310739_c1_g7,0
TRINITY_DN11147_c0_g1,0
TRINITY_DN299654_c1_g5,0
TRINITY_DN314213_c0_g7,0
TRINITY_DN27773_c0_g1,0
TRINITY_DN4409_c0_g1,0
TRINITY_DN31766_c0_g1,0
TRINITY_DN173924_c0_g2,0
TRINITY_DN175462_c0_g1,0
TRINITY_DN105056_c0_g1,0
TRINITY_DN231544_c0_g1,0
TRINITY_DN277295_c0_g1,0
TRINITY_DN314648_c0_g5,0
TRINITY_DN314103_c0_g1,0
TRINITY_DN311920_c0_g2,0
TRINITY_DN292916_c0_g1,0
TRINITY_DN440482_c0_g1,0
TRINITY_DN231084_c0_g1,0
TRINITY_DN314213_c0_g4,0
TRINITY_DN238599_c0_g1,0
TRINITY_DN463905_c0_g1,0
TRINITY_DN375352_c0_g1,0
TRINITY_DN314830_c2_g1,0
TRINITY_DN311924_c0_g1,0
TRINITY_DN668734_c0_g1,0
TRINITY_DN314152_c6_g3,0
TRINITY_DN637398_c0_g1,0
TRINITY_DN6126_c0_g1,0
TRINITY_DN276603_c0_g1,0
TRINITY_DN271219_c0_g1,0
TRINITY_DN271551_c0_g1,0
TRINITY_DN299785_c1_g3,0
TRINITY_DN277045_c0_g1,0
TRINITY_DN277946_c0_g1,0
TRINITY_DN311499_c1_g4,0
TRINITY_DN271273_c0_g2,0
TRINITY_DN274734_c0_g2,0
TRINITY_DN311715_c0_g1,0
TRINITY_DN375792_c0_g1,0
TRINITY_DN235304_c0_g1,0
TRINITY_DN25234_c0_g1,0
TRINITY_DN276999_c0_g1,0
TRINITY_DN664340_c0_g1,0
TRINITY_DN175246_c0_g1,0
TRINITY_DN231087_c0_g1,0
TRINITY_DN5260_c0_g1,0
TRINITY_DN271278_c0_g1,0
TRINITY_DN296753_c0_g2,0
TRINITY_DN293478_c2_g3,0
TRINITY_DN274637_c0_g1,0
TRINITY_DN294742_c0_g1,0
TRINITY_DN102429_c0_g1,0
TRINITY_DN256593_c0_g1,0
TRINITY_DN294197_c0_g2,0
TRINITY_DN259521_c0_g2,0
TRINITY_DN294666_c0_g2,0
TRINITY_DN311711_c0_g1,0
TRINITY_DN296703_c1_g4,0
TRINITY_DN299793_c0_g1,0
TRINITY_DN298867_c2_g3,0
TRINITY_DN687977_c0_g1,0
TRINITY_DN312721_c0_g4,0
TRINITY_DN292998_c5_g7,0
TRINITY_DN298235_c4_g3,0
TRINITY_DN314235_c0_g2,0
TRINITY_DN3245_c0_g1,0
TRINITY_DN311794_c0_g7,0
TRINITY_DN292338_c0_g1,0
TRINITY_DN292978_c1_g14,0
TRINITY_DN440476_c0_g1,0
TRINITY_DN649569_c0_g1,0
TRINITY_DN312769_c2_g1,0
TRINITY_DN274552_c0_g1,0
TRINITY_DN299631_c0_g2,0
TRINITY_DN312769_c1_g5,0
TRINITY_DN292974_c8_g1,0
TRINITY_DN1500_c0_g1,0
TRINITY_DN316219_c1_g2,0
TRINITY_DN316218_c1_g2,0
TRINITY_DN299785_c1_g1,0
TRINITY_DN314624_c5_g4,0
TRINITY_DN296262_c0_g2,0
TRINITY_DN278829_c0_g1,0
TRINITY_DN256912_c0_g1,0
TRINITY_DN294197_c0_g1,0
TRINITY_DN255258_c0_g1,0
TRINITY_DN226646_c0_g1,0
TRINITY_DN314844_c0_g4,0
TRINITY_DN105306_c0_g1,0
TRINITY_DN234185_c0_g1,0
TRINITY_DN316287_c0_g1,0
TRINITY_DN298471_c1_g2,0
TRINITY_DN312083_c3_g4,0
TRINITY_DN310027_c0_g1,0
TRINITY_DN298605_c0_g1,0
TRINITY_DN317298_c3_g3,0
TRINITY_DN22043_c0_g1,0
TRINITY_DN35976_c0_g1,0
TRINITY_DN314237_c0_g1,0
TRINITY_DN688402_c0_g1,0
TRINITY_DN294775_c0_g4,0
TRINITY_DN310747_c3_g1,0
TRINITY_DN226962_c0_g1,0
TRINITY_DN299702_c0_g1,0
TRINITY_DN234262_c0_g1,0
TRINITY_DN295081_c0_g1,0
TRINITY_DN271006_c0_g1,0
TRINITY_DN612757_c0_g1,0
TRINITY_DN316957_c1_g1,0
TRINITY_DN310081_c0_g1,0
TRINITY_DN277942_c1_g2,0
TRINITY_DN621700_c0_g1,0
TRINITY_DN274571_c0_g1,0
TRINITY_DN298410_c0_g1,0
TRINITY_DN310732_c2_g2,0
TRINITY_DN299656_c3_g6,0
TRINITY_DN310762_c0_g1,0
TRINITY_DN312741_c6_g1,0
TRINITY_DN119014_c0_g1,0
TRINITY_DN620230_c0_g1,0
TRINITY_DN296774_c0_g1,0
TRINITY_DN612300_c0_g1,0
TRINITY_DN312737_c0_g1,0
TRINITY_DN271273_c0_g1,0
TRINITY_DN340684_c0_g1,0
TRINITY_DN296364_c0_g1,0
TRINITY_DN316224_c0_g2,0
TRINITY_DN314844_c0_g2,0
TRINITY_DN293397_c0_g1,0
TRINITY_DN104662_c0_g1,0
TRINITY_DN594442_c0_g1,0
TRINITY_DN310760_c1_g3,0
TRINITY_DN311462_c0_g1,0
TRINITY_DN311744_c0_g1,0
TRINITY_DN4407_c0_g2,0
TRINITY_DN254317_c1_g1,0
TRINITY_DN276028_c3_g2,0
TRINITY_DN314252_c0_g1,0
TRINITY_DN22034_c0_g1,0
TRINITY_DN312043_c7_g4,0
TRINITY_DN316640_c4_g4,0
TRINITY_DN318519_c0_g1,0
TRINITY_DN2101_c0_g1,0
TRINITY_DN292338_c1_g2,0
TRINITY_DN317240_c3_g4,0
TRINITY_DN299722_c0_g2,0
TRINITY_DN298442_c0_g1,0
TRINITY_DN2118_c0_g2,0
TRINITY_DN344614_c0_g1,0
TRINITY_DN6277_c0_g1,0
TRINITY_DN314250_c2_g4,0
TRINITY_DN299262_c4_g1,0
TRINITY_DN540235_c0_g1,0
TRINITY_DN310026_c1_g1,0
TRINITY_DN256513_c0_g1,0
TRINITY_DN617155_c0_g1,0
TRINITY_DN678722_c0_g1,0
TRINITY_DN1511_c0_g1,0
TRINITY_DN311039_c3_g5,0
TRINITY_DN314102_c2_g2,0
TRINITY_DN228088_c0_g1,0
TRINITY_DN6179_c0_g1,0
TRINITY_DN314160_c5_g2,0
TRINITY_DN293694_c0_g1,0
TRINITY_DN257997_c0_g1,0
TRINITY_DN277290_c0_g1,0
TRINITY_DN254212_c0_g1,0
TRINITY_DN314625_c1_g4,0
TRINITY_DN6494_c0_g1,0
TRINITY_DN299700_c1_g3,0
TRINITY_DN298867_c2_g4,0
TRINITY_DN311494_c0_g2,0
TRINITY_DN444549_c0_g1,0
TRINITY_DN6876_c0_g1,0
TRINITY_DN234207_c0_g1,0
TRINITY_DN311754_c0_g3,0
TRINITY_DN312087_c2_g6,0
TRINITY_DN38426_c0_g1,0
TRINITY_DN310760_c1_g1,0
TRINITY_DN316287_c1_g1,0
TRINITY_DN277916_c0_g2,0
TRINITY_DN299700_c1_g1,0
TRINITY_DN298235_c4_g1,0
TRINITY_DN314233_c0_g1,0
TRINITY_DN668916_c0_g1,0
TRINITY_DN4985_c0_g1,0
TRINITY_DN314154_c3_g2,0
TRINITY_DN314620_c0_g2,0
TRINITY_DN27152_c0_g1,0
TRINITY_DN4893_c0_g1,0
TRINITY_DN292335_c1_g1,0
TRINITY_DN316646_c2_g1,0
TRINITY_DN317258_c3_g1,0
TRINITY_DN299720_c1_g1,0
TRINITY_DN104366_c0_g1,0
TRINITY_DN312083_c3_g1,0
TRINITY_DN173975_c0_g1,0
TRINITY_DN226689_c0_g1,0
TRINITY_DN295211_c1_g2,0
TRINITY_DN316216_c0_g1,0
TRINITY_DN5932_c0_g1,0
TRINITY_DN4819_c0_g1,0
TRINITY_DN296797_c0_g1,0
TRINITY_DN298808_c2_g1,0
TRINITY_DN292998_c4_g2,0
TRINITY_DN292978_c1_g6,0
TRINITY_DN314102_c2_g1,0
TRINITY_DN173576_c0_g1,0
TRINITY_DN317254_c4_g1,0
TRINITY_DN316648_c0_g1,0
TRINITY_DN312758_c0_g2,0
TRINITY_DN211162_c0_g1,0
TRINITY_DN316996_c2_g1,0
TRINITY_DN271058_c0_g1,0
TRINITY_DN211148_c0_g1,0
TRINITY_DN115800_c0_g1,0
TRINITY_DN278821_c0_g2,0
TRINITY_DN312748_c0_g2,0
TRINITY_DN314100_c2_g1,0
TRINITY_DN3143_c0_g1,0
TRINITY_DN316224_c0_g1,0
TRINITY_DN294781_c2_g6,0
TRINITY_DN62171_c1_g1,0
TRINITY_DN663131_c0_g1,0
TRINITY_DN317298_c3_g1,0
TRINITY_DN311417_c7_g3,0
TRINITY_DN1604_c0_g1,0
TRINITY_DN61963_c0_g1,0
TRINITY_DN37532_c0_g1,0
TRINITY_DN678781_c0_g1,0
TRINITY_DN292978_c1_g2,0
TRINITY_DN316216_c1_g2,0
TRINITY_DN231241_c0_g1,0
TRINITY_DN294144_c2_g1,0
TRINITY_DN314648_c0_g4,0
TRINITY_DN294196_c0_g3,0
TRINITY_DN316218_c1_g1,0
TRINITY_DN114822_c0_g1,0
TRINITY_DN314270_c2_g2,0
TRINITY_DN317298_c3_g2,0
TRINITY_DN371152_c0_g1,0
TRINITY_DN256243_c2_g1,0
TRINITY_DN293452_c2_g1,0
TRINITY_DN299635_c7_g1,0
TRINITY_DN22737_c0_g1,0
TRINITY_DN102368_c0_g1,0
TRINITY_DN299751_c0_g1,0
TRINITY_DN649594_c0_g1,0
TRINITY_DN271669_c0_g1,0
TRINITY_DN314197_c3_g2,0
TRINITY_DN312700_c0_g1,0
TRINITY_DN296217_c6_g1,0
TRINITY_DN294188_c0_g2,0
TRINITY_DN250560_c0_g1,0
TRINITY_DN316219_c1_g1,0
TRINITY_DN311794_c0_g2,0
TRINITY_DN115553_c0_g1,0
TRINITY_DN299656_c3_g2,0
TRINITY_DN3170_c0_g1,0
TRINITY_DN256515_c0_g2,0
TRINITY_DN294196_c0_g1,0
TRINITY_DN254030_c0_g1,0
TRINITY_DN274889_c0_g1,0
TRINITY_DN293497_c0_g2,0
TRINITY_DN312048_c0_g4,0
TRINITY_DN311773_c2_g2,0
TRINITY_DN254031_c0_g1,0
TRINITY_DN292971_c0_g1,0
TRINITY_DN274754_c0_g1,0
TRINITY_DN314639_c0_g1,0
TRINITY_DN312009_c2_g2,0
TRINITY_DN15064_c0_g1,0
TRINITY_DN380357_c0_g1,0
TRINITY_DN223621_c0_g1,0
TRINITY_DN299679_c1_g2,0
TRINITY_DN314272_c1_g1,0
TRINITY_DN310726_c3_g2,0
TRINITY_DN294782_c0_g2,0
TRINITY_DN311499_c1_g2,0
TRINITY_DN234173_c0_g1,0
TRINITY_DN311476_c1_g2,0
TRINITY_DN317269_c2_g2,0
TRINITY_DN277948_c0_g1,0
TRINITY_DN294674_c4_g1,0
TRINITY_DN292667_c0_g1,0
TRINITY_DN314238_c0_g4,0
TRINITY_DN295226_c1_g1,0
TRINITY_DN312793_c4_g1,0
TRINITY_DN316265_c0_g1,0
TRINITY_DN312048_c3_g1,0
TRINITY_DN294675_c1_g1,0
TRINITY_DN294750_c0_g1,0
TRINITY_DN312040_c0_g1,0
TRINITY_DN276579_c0_g1,0
TRINITY_DN312798_c0_g1,0
TRINITY_DN175482_c0_g1,0
TRINITY_DN54648_c0_g1,0
TRINITY_DN259525_c0_g1,0
TRINITY_DN540260_c0_g1,0
TRINITY_DN277946_c1_g1,0
TRINITY_DN238270_c0_g1,0
TRINITY_DN312710_c0_g2,0
TRINITY_DN151696_c0_g1,0
TRINITY_DN4897_c0_g1,0
TRINITY_DN311781_c2_g2,0
TRINITY_DN316927_c2_g1,0
TRINITY_DN311462_c1_g1,0
TRINITY_DN314270_c2_g1,0
TRINITY_DN314235_c1_g1,0
TRINITY_DN316934_c2_g1,0
TRINITY_DN2200_c0_g1,0
TRINITY_DN664010_c0_g1,0
TRINITY_DN238496_c0_g1,0
TRINITY_DN316220_c0_g1,0
TRINITY_DN314622_c5_g1,0
TRINITY_DN310739_c0_g1,0
TRINITY_DN259599_c0_g1,0
TRINITY_DN296774_c1_g1,0
TRINITY_DN310084_c0_g1,0
TRINITY_DN233623_c0_g1,0
TRINITY_DN316929_c2_g1,0
TRINITY_DN276028_c3_g1,0
TRINITY_DN372912_c0_g1,0
TRINITY_DN2184_c0_g1,0
TRINITY_DN540587_c0_g1,0
TRINITY_DN299273_c0_g1,0
TRINITY_DN299205_c0_g4,0
TRINITY_DN66601_c0_g1,0
TRINITY_DN314884_c0_g5,0
TRINITY_DN384869_c0_g1,0
TRINITY_DN293478_c2_g1,0
TRINITY_DN274736_c0_g1,0
TRINITY_DN299205_c0_g1,0
TRINITY_DN298849_c0_g1,0
TRINITY_DN4840_c0_g1,0
TRINITY_DN292916_c0_g2,0
TRINITY_DN278817_c0_g1,0
TRINITY_DN68923_c0_g1,0
TRINITY_DN276917_c1_g2,0
TRINITY_DN227391_c0_g1,0
TRINITY_DN61404_c0_g1,0
TRINITY_DN648411_c0_g1,0
TRINITY_DN16031_c0_g1,0
TRINITY_DN299204_c7_g1,0
TRINITY_DN294781_c2_g2,0
TRINITY_DN259102_c0_g1,0
TRINITY_DN29331_c0_g1,0
TRINITY_DN311737_c0_g2,0
TRINITY_DN4493_c0_g1,0
TRINITY_DN311980_c3_g10,0
TRINITY_DN294772_c2_g1,0
TRINITY_DN294742_c0_g2,0
TRINITY_DN4839_c0_g1,0
TRINITY_DN312009_c1_g1,0
TRINITY_DN136945_c0_g1,0
TRINITY_DN317258_c4_g1,0
TRINITY_DN298810_c0_g3,0
TRINITY_DN3113_c0_g1,0
TRINITY_DN294675_c1_g2,0
TRINITY_DN312069_c1_g1,0
TRINITY_DN296773_c0_g1,0
TRINITY_DN314165_c4_g2,0
TRINITY_DN311739_c0_g2,0
TRINITY_DN106057_c0_g1,0
TRINITY_DN226946_c0_g1,0
TRINITY_DN277219_c0_g1,0
TRINITY_DN274045_c0_g1,0
TRINITY_DN293487_c0_g1,0
TRINITY_DN294137_c1_g5,0
TRINITY_DN226758_c0_g1,0
TRINITY_DN3773_c0_g1,0
TRINITY_DN311754_c0_g1,0
TRINITY_DN311488_c0_g4,0
TRINITY_DN311488_c0_g2,0
TRINITY_DN3772_c0_g2,0
TRINITY_DN312043_c7_g3,0
TRINITY_DN311737_c0_g1,0
TRINITY_DN294180_c0_g1,0
TRINITY_DN292955_c3_g3,0
TRINITY_DN292911_c0_g1,0
TRINITY_DN316906_c4_g1,0
TRINITY_DN298603_c0_g1,0
TRINITY_DN314170_c3_g1,0
TRINITY_DN292371_c6_g3,0
TRINITY_DN274826_c0_g1,0
TRINITY_DN316265_c0_g6,0
TRINITY_DN316263_c0_g1,0
TRINITY_DN314835_c0_g1,0
TRINITY_DN310726_c4_g1,0
TRINITY_DN228081_c0_g1,0
TRINITY_DN316640_c4_g5,0
TRINITY_DN316216_c1_g3,0
TRINITY_DN296273_c0_g1,0
TRINITY_DN37126_c0_g1,0
TRINITY_DN310027_c2_g1,0
TRINITY_DN44042_c0_g1,0
TRINITY_DN311497_c0_g2,0
TRINITY_DN299724_c0_g2,0
TRINITY_DN296794_c1_g1,0
TRINITY_DN311982_c5_g6,0
TRINITY_DN292351_c0_g2,0
TRINITY_DN256660_c0_g1,0
TRINITY_DN316265_c0_g2,0
TRINITY_DN298844_c0_g2,0
TRINITY_DN316282_c3_g1,0
TRINITY_DN295262_c6_g1,0
TRINITY_DN298604_c8_g8,0
TRINITY_DN310743_c5_g2,0
TRINITY_DN299049_c2_g1,0
TRINITY_DN298146_c0_g1,0
TRINITY_DN385776_c0_g1,0
TRINITY_DN316953_c9_g2,0
TRINITY_DN311984_c0_g2,0
TRINITY_DN298472_c5_g1,0
TRINITY_DN293452_c2_g2,0
TRINITY_DN295278_c0_g1,0
TRINITY_DN311039_c2_g1,0
TRINITY_DN293485_c0_g1,0
TRINITY_DN310081_c0_g6,0
TRINITY_DN278954_c0_g1,0
TRINITY_DN102012_c0_g1,0
TRINITY_DN292371_c6_g2,0
TRINITY_DN296772_c0_g1,0
TRINITY_DN298849_c0_g2,0
TRINITY_DN311781_c2_g3,0
TRINITY_DN13602_c0_g1,0
TRINITY_DN316640_c4_g1,0
TRINITY_DN254030_c0_g2,0
TRINITY_DN314152_c4_g1,0
TRINITY_DN226750_c0_g1,0
TRINITY_DN296217_c4_g1,0
TRINITY_DN298810_c0_g2,0
TRINITY_DN292667_c0_g3,0
TRINITY_DN238275_c0_g1,0
TRINITY_DN223877_c0_g1,0
TRINITY_DN316268_c0_g6,0
TRINITY_DN293697_c3_g1,0
TRINITY_DN299020_c1_g2,0
TRINITY_DN311756_c0_g1,0
TRINITY_DN298605_c1_g3,0
TRINITY_DN314639_c0_g3,0
TRINITY_DN314102_c0_g2,0
TRINITY_DN310081_c0_g7,0
TRINITY_DN310086_c1_g2,0
TRINITY_DN294675_c1_g6,0
TRINITY_DN254085_c0_g1,0
TRINITY_DN299049_c1_g2,0
TRINITY_DN311465_c3_g1,0
TRINITY_DN238630_c0_g1,0
TRINITY_DN278818_c0_g1,0
TRINITY_DN316903_c2_g1,0
TRINITY_DN310086_c1_g1,0
TRINITY_DN299262_c2_g4,0
TRINITY_DN311037_c0_g2,0
TRINITY_DN254291_c0_g1,0
TRINITY_DN311984_c0_g1,0
TRINITY_DN173777_c0_g1,0
TRINITY_DN312040_c1_g1,0
TRINITY_DN3165_c0_g1,0
TRINITY_DN316902_c2_g1,0
TRINITY_DN292910_c0_g6,0
TRINITY_DN256554_c0_g1,0
TRINITY_DN311039_c3_g1,0
TRINITY_DN314103_c0_g2,0
TRINITY_DN226913_c0_g1,0
TRINITY_DN251960_c0_g1,0
TRINITY_DN295226_c0_g1,0
TRINITY_DN312004_c1_g3,0
TRINITY_DN298445_c0_g1,0
TRINITY_DN296211_c0_g1,0
TRINITY_DN316928_c3_g1,0
TRINITY_DN3778_c0_g1,0
TRINITY_DN314253_c0_g2,0
TRINITY_DN316979_c1_g2,0
TRINITY_DN173172_c0_g1,0
TRINITY_DN312733_c0_g2,0
TRINITY_DN296703_c2_g1,0
TRINITY_DN312004_c0_g2,0
TRINITY_DN299656_c3_g1,0
TRINITY_DN310760_c0_g2,0
TRINITY_DN316265_c0_g4,0
TRINITY_DN254038_c0_g1,0
TRINITY_DN311790_c1_g4,0
TRINITY_DN298178_c0_g1,0
TRINITY_DN33815_c0_g1,0
TRINITY_DN314625_c0_g1,0
TRINITY_DN274714_c0_g1,0
TRINITY_DN311466_c0_g4,0
TRINITY_DN238636_c0_g1,0
TRINITY_DN312769_c2_g6,0
TRINITY_DN21031_c0_g1,0
TRINITY_DN292952_c0_g2,0
TRINITY_DN11157_c0_g1,0
TRINITY_DN299679_c1_g1,0
TRINITY_DN293478_c2_g6,0
TRINITY_DN298443_c0_g1,0
TRINITY_DN235359_c0_g1,0
TRINITY_DN294666_c0_g1,0
TRINITY_DN292998_c2_g2,0
TRINITY_DN294671_c0_g1,0
TRINITY_DN256249_c0_g3,0
TRINITY_DN316957_c1_g2,0
TRINITY_DN312795_c0_g3,0
TRINITY_DN299267_c2_g2,0
TRINITY_DN314648_c0_g1,0
TRINITY_DN314199_c1_g1,0
TRINITY_DN312794_c2_g4,0
TRINITY_DN296378_c7_g1,0
TRINITY_DN311416_c0_g3,0
TRINITY_DN293696_c0_g3,0
TRINITY_DN314174_c1_g2,0
TRINITY_DN316287_c1_g2,0
TRINITY_DN292323_c0_g3,0
TRINITY_DN274047_c0_g1,0
TRINITY_DN316228_c2_g1,0
TRINITY_DN227517_c0_g1,0
TRINITY_DN254118_c0_g1,0
TRINITY_DN238439_c0_g1,0
TRINITY_DN316954_c4_g2,0
TRINITY_DN298867_c2_g2,0
TRINITY_DN314279_c0_g2,0
TRINITY_DN353686_c0_g1,0
TRINITY_DN385564_c0_g1,0
TRINITY_DN619899_c0_g1,0
TRINITY_DN312735_c1_g1,0
TRINITY_DN278999_c3_g3,0
TRINITY_DN6645_c0_g1,0
TRINITY_DN292907_c0_g1,0
TRINITY_DN316970_c2_g1,0
TRINITY_DN316907_c0_g2,0
TRINITY_DN317240_c3_g3,0
TRINITY_DN314830_c3_g3,0
TRINITY_DN173143_c0_g1,0
TRINITY_DN46475_c0_g1,0
TRINITY_DN314219_c0_g1,0
TRINITY_DN310747_c2_g2,0
TRINITY_DN312087_c2_g10,0
TRINITY_DN254117_c0_g1,0
TRINITY_DN136045_c0_g1,0
TRINITY_DN293452_c2_g5,0
TRINITY_DN294100_c0_g2,0
TRINITY_DN298235_c4_g4,0
TRINITY_DN256517_c0_g1,0
TRINITY_DN294772_c1_g1,0
TRINITY_DN256558_c1_g1,0
TRINITY_DN292910_c0_g4,0
TRINITY_DN292387_c4_g2,0
TRINITY_DN314101_c0_g1,0
TRINITY_DN312746_c0_g2,0
TRINITY_DN6497_c0_g1,0
TRINITY_DN238638_c0_g1,0
TRINITY_DN172865_c0_g1,0
TRINITY_DN256327_c0_g1,0
TRINITY_DN314625_c1_g1,0
TRINITY_DN316216_c1_g4,0
TRINITY_DN2504_c0_g1,0
TRINITY_DN227534_c0_g1,0
TRINITY_DN314887_c0_g1,0
TRINITY_DN312043_c7_g2,0
TRINITY_DN311784_c3_g1,0
TRINITY_DN312732_c0_g1,0
TRINITY_DN299036_c0_g2,0
TRINITY_DN311773_c2_g1,0
TRINITY_DN311920_c0_g1,0
TRINITY_DN299205_c0_g3,0
TRINITY_DN294190_c0_g1,0
TRINITY_DN299257_c0_g1,0
TRINITY_DN316927_c2_g2,0
TRINITY_DN314175_c0_g1,0
TRINITY_DN312069_c1_g3,0
TRINITY_DN312733_c0_g5,0
TRINITY_DN259136_c0_g1,0
TRINITY_DN316955_c0_g2,0
TRINITY_DN314250_c2_g2,0
TRINITY_DN311488_c0_g1,0
TRINITY_DN296262_c0_g1,0
TRINITY_DN311079_c4_g5,0
TRINITY_DN37448_c0_g1,0
TRINITY_DN296368_c1_g1,0
TRINITY_DN311462_c1_g3,0
TRINITY_DN296378_c6_g1,0
TRINITY_DN314100_c4_g1,0
TRINITY_DN294670_c1_g2,0
TRINITY_DN298837_c0_g1,0
TRINITY_DN293398_c2_g1,0
TRINITY_DN255883_c0_g1,0
TRINITY_DN298608_c0_g1,0
TRINITY_DN299631_c0_g1,0
TRINITY_DN255256_c0_g1,0
TRINITY_DN312044_c4_g1,0
TRINITY_DN215878_c0_g1,0
TRINITY_DN175067_c0_g1,0
TRINITY_DN294659_c0_g1,0
TRINITY_DN311927_c2_g2,0
TRINITY_DN314622_c5_g2,0
TRINITY_DN274829_c0_g1,0
TRINITY_DN312043_c7_g1,0
TRINITY_DN311746_c2_g1,0
TRINITY_DN316235_c0_g1,0
TRINITY_DN312748_c0_g1,0
TRINITY_DN298692_c0_g1,0
TRINITY_DN314194_c0_g1,0
TRINITY_DN317253_c3_g2,0
TRINITY_DN316642_c2_g1,0
TRINITY_DN311497_c1_g2,0
TRINITY_DN359839_c0_g1,0
TRINITY_DN293355_c1_g1,0
TRINITY_DN312044_c4_g2,0
TRINITY_DN227312_c0_g2,0
TRINITY_DN316956_c2_g2,0
TRINITY_DN298867_c2_g1,0
TRINITY_DN310749_c0_g1,0
TRINITY_DN292978_c1_g10,0
TRINITY_DN251093_c0_g1,0
TRINITY_DN299256_c0_g1,0
TRINITY_DN311790_c1_g1,0
TRINITY_DN311034_c1_g1,0
TRINITY_DN271517_c0_g1,0
TRINITY_DN293355_c0_g1,0
TRINITY_DN6253_c0_g1,0
TRINITY_DN111418_c0_g1,0
TRINITY_DN35248_c0_g1,0
TRINITY_DN616302_c0_g1,0
TRINITY_DN619898_c0_g1,0
TRINITY_DN299656_c2_g1,0
TRINITY_DN311499_c1_g1,0
TRINITY_DN293497_c0_g1,0
TRINITY_DN312730_c0_g1,0
TRINITY_DN238613_c0_g1,0
TRINITY_DN67434_c0_g1,0
TRINITY_DN312092_c0_g1,0
TRINITY_DN314632_c0_g1,0
TRINITY_DN294772_c2_g4,0
TRINITY_DN271054_c0_g1,0
TRINITY_DN353660_c0_g1,0
TRINITY_DN310748_c0_g1,0
TRINITY_DN314270_c0_g1,0
TRINITY_DN312706_c3_g1,0
TRINITY_DN314215_c1_g1,0
TRINITY_DN314630_c0_g2,0
TRINITY_DN314637_c0_g1,0
TRINITY_DN294103_c6_g1,0
TRINITY_DN111761_c0_g1,0
TRINITY_DN37124_c0_g1,0
TRINITY_DN310762_c2_g1,0
TRINITY_DN298604_c8_g2,0
TRINITY_DN310731_c3_g2,0
TRINITY_DN310730_c0_g2,0
TRINITY_DN299671_c0_g1,0
TRINITY_DN254035_c0_g1,0
TRINITY_DN312748_c0_g5,0
TRINITY_DN277398_c0_g1,0
TRINITY_DN6259_c0_g1,0
TRINITY_DN35397_c0_g1,0
TRINITY_DN314172_c4_g1,0
TRINITY_DN106037_c0_g1,0
TRINITY_DN67057_c0_g1,0
TRINITY_DN314641_c0_g1,0
TRINITY_DN176933_c0_g1,0
TRINITY_DN274713_c0_g1,0
TRINITY_DN294742_c0_g5,0
TRINITY_DN293696_c0_g1,0
TRINITY_DN299024_c0_g1,0
TRINITY_DN310729_c0_g1,0
TRINITY_DN293346_c7_g1,0
TRINITY_DN293685_c1_g1,0
TRINITY_DN292394_c0_g1,0
TRINITY_DN256934_c1_g2,0
TRINITY_DN299206_c0_g1,0
TRINITY_DN491_c0_g1,0
TRINITY_DN35919_c0_g1,0
TRINITY_DN226185_c0_g1,0
TRINITY_DN314232_c4_g1,0
TRINITY_DN257962_c0_g1,0
TRINITY_DN544038_c0_g1,0
TRINITY_DN599606_c0_g1,0
TRINITY_DN293827_c0_g1,0
TRINITY_DN111787_c0_g1,0
TRINITY_DN277212_c0_g1,0
TRINITY_DN256479_c0_g1,0
TRINITY_DN296212_c2_g1,0
TRINITY_DN298841_c3_g1,0
TRINITY_DN298612_c2_g1,0
TRINITY_DN29630_c0_g1,0
TRINITY_DN296798_c5_g4,0
TRINITY_DN312733_c0_g3,0
TRINITY_DN316233_c0_g3,0
TRINITY_DN464951_c0_g1,0
TRINITY_DN656226_c0_g1,0
TRINITY_DN295007_c1_g1,0
TRINITY_DN67439_c0_g1,0
TRINITY_DN254235_c1_g1,0
TRINITY_DN139775_c0_g1,0
TRINITY_DN296706_c1_g1,0
TRINITY_DN292998_c5_g1,0
TRINITY_DN34988_c0_g1,0
TRINITY_DN543_c0_g1,0
TRINITY_DN292365_c0_g1,0
TRINITY_DN259665_c0_g1,0
TRINITY_DN311465_c2_g2,0
TRINITY_DN251092_c0_g1,0
TRINITY_DN312713_c2_g2,0
TRINITY_DN173977_c0_g1,0
TRINITY_DN1723_c0_g1,0
TRINITY_DN310027_c4_g1,0
TRINITY_DN4896_c0_g1,0
TRINITY_DN312094_c0_g10,0
TRINITY_DN312769_c2_g8,0
TRINITY_DN311789_c3_g7,0
TRINITY_DN461612_c0_g1,0
TRINITY_DN292338_c2_g1,0
TRINITY_DN63736_c0_g1,0
TRINITY_DN231298_c0_g1,0
TRINITY_DN293680_c0_g2,0
TRINITY_DN276932_c0_g1,0
TRINITY_DN299020_c1_g4,0
TRINITY_DN294612_c4_g1,0
TRINITY_DN220327_c0_g1,0
TRINITY_DN102501_c0_g1,0
TRINITY_DN23303_c0_g1,0
TRINITY_DN294139_c0_g3,0
TRINITY_DN316262_c4_g1,0
TRINITY_DN119018_c0_g1,0
TRINITY_DN314275_c4_g2,0
TRINITY_DN312741_c6_g5,0
TRINITY_DN298612_c2_g6,0
TRINITY_DN295086_c0_g1,0
TRINITY_DN293682_c3_g1,0
TRINITY_DN295082_c0_g1,0
TRINITY_DN314644_c0_g1,0
TRINITY_DN312048_c0_g1,0
TRINITY_DN617484_c0_g1,0
TRINITY_DN67095_c0_g1,0
TRINITY_DN220742_c0_g1,0
TRINITY_DN316220_c0_g2,0
TRINITY_DN222938_c0_g1,0
TRINITY_DN292387_c4_g4,0
TRINITY_DN311499_c1_g3,0
TRINITY_DN385198_c0_g1,0
TRINITY_DN296788_c2_g2,0
TRINITY_DN4872_c0_g1,0
TRINITY_DN110403_c0_g1,0
TRINITY_DN371087_c0_g1,0
TRINITY_DN255878_c0_g2,0
TRINITY_DN45783_c0_g1,0
TRINITY_DN255932_c0_g1,0
TRINITY_DN27153_c0_g1,0
TRINITY_DN544551_c0_g1,0
TRINITY_DN29469_c0_g1,0
TRINITY_DN312741_c4_g1,0
TRINITY_DN293346_c6_g2,0
TRINITY_DN52681_c0_g1,0
TRINITY_DN666237_c0_g1,0
TRINITY_DN294612_c7_g4,0
TRINITY_DN139762_c0_g1,0
TRINITY_DN6201_c0_g1,0
TRINITY_DN292954_c0_g2,0
TRINITY_DN294612_c5_g1,0
TRINITY_DN296750_c0_g7,0
TRINITY_DN375759_c0_g1,0
TRINITY_DN296270_c3_g4,0
TRINITY_DN271680_c0_g1,0
TRINITY_DN66603_c0_g1,0
TRINITY_DN254214_c0_g1,0
TRINITY_DN526675_c0_g1,0
TRINITY_DN292371_c6_g1,0
TRINITY_DN102378_c0_g1,0
TRINITY_DN110214_c0_g1,0
TRINITY_DN299049_c2_g6,0
TRINITY_DN375738_c0_g1,0
TRINITY_DN292955_c1_g1,0
TRINITY_DN292371_c6_g4,0
TRINITY_DN622820_c0_g1,0
TRINITY_DN292966_c0_g1,0
TRINITY_DN277089_c0_g1,0
TRINITY_DN312742_c0_g3,0
TRINITY_DN238112_c0_g1,0
TRINITY_DN293685_c5_g2,0
TRINITY_DN296771_c3_g2,0
TRINITY_DN311077_c2_g5,0
TRINITY_DN299270_c7_g5,0
TRINITY_DN314170_c4_g1,0
TRINITY_DN1545_c0_g1,0
TRINITY_DN256942_c0_g1,0
TRINITY_DN299750_c1_g1,0
TRINITY_DN116732_c0_g1,0
TRINITY_DN256610_c0_g2,0
TRINITY_DN276816_c0_g1,0
TRINITY_DN294655_c3_g2,0
TRINITY_DN464955_c0_g1,0
TRINITY_DN298612_c2_g16,0
TRINITY_DN233065_c0_g1,0
TRINITY_DN22695_c0_g1,0
TRINITY_DN317294_c9_g1,0
TRINITY_DN271682_c0_g1,0
TRINITY_DN312741_c6_g3,0
TRINITY_DN299049_c2_g5,0
TRINITY_DN294162_c0_g1,0
TRINITY_DN314102_c1_g1,0
TRINITY_DN314152_c5_g4,0
TRINITY_DN256692_c1_g1,0
TRINITY_DN295223_c0_g2,0
TRINITY_DN175123_c0_g1,0
TRINITY_DN233018_c0_g2,0
TRINITY_DN233065_c0_g2,0
TRINITY_DN176951_c0_g1,0
TRINITY_DN227360_c0_g1,0
TRINITY_DN316904_c8_g4,0
TRINITY_DN105034_c0_g1,0
TRINITY_DN278923_c1_g2,0
TRINITY_DN274570_c0_g1,0
TRINITY_DN293346_c6_g1,0
TRINITY_DN6861_c0_g1,0
TRINITY_DN6597_c0_g1,0
TRINITY_DN292974_c4_g2,0
TRINITY_DN312754_c4_g4,0
TRINITY_DN310761_c3_g6,0
TRINITY_DN292337_c0_g1,0
TRINITY_DN314109_c2_g2,0
TRINITY_DN616719_c0_g1,0
TRINITY_DN462971_c0_g1,0
TRINITY_DN298813_c1_g5,0
TRINITY_DN540230_c0_g1,0
TRINITY_DN668914_c0_g1,0
TRINITY_DN274832_c0_g1,0
TRINITY_DN231207_c1_g1,0
TRINITY_DN276939_c0_g2,0
TRINITY_DN314172_c3_g1,0
TRINITY_DN385979_c0_g1,0
TRINITY_DN293398_c2_g2,0
TRINITY_DN294146_c2_g3,0
TRINITY_DN299782_c2_g2,0
TRINITY_DN312795_c0_g2,0
TRINITY_DN226716_c0_g1,0
TRINITY_DN35913_c0_g1,0
TRINITY_DN310764_c1_g1,0
TRINITY_DN311752_c0_g3,0
TRINITY_DN314154_c3_g3,0
TRINITY_DN344668_c0_g1,0
TRINITY_DN27487_c0_g1,0
TRINITY_DN298144_c0_g2,0
TRINITY_DN220746_c0_g1,0
TRINITY_DN274047_c0_g2,0
TRINITY_DN17691_c0_g1,0
TRINITY_DN6102_c0_g1,0
TRINITY_DN254116_c1_g1,0
TRINITY_DN29846_c0_g1,0
TRINITY_DN293680_c0_g4,0
TRINITY_DN311475_c2_g3,0
TRINITY_DN311784_c3_g2,0
TRINITY_DN293452_c1_g4,0
TRINITY_DN294137_c1_g3,0
TRINITY_DN299035_c1_g3,0
TRINITY_DN255855_c0_g1,0
TRINITY_DN627229_c0_g1,0
TRINITY_DN311038_c7_g1,0
TRINITY_DN444261_c0_g1,0
TRINITY_DN349280_c0_g1,0
TRINITY_DN231502_c0_g1,0
TRINITY_DN316227_c2_g1,0
TRINITY_DN610883_c0_g1,0
TRINITY_DN499991_c0_g1,0
TRINITY_DN139765_c0_g1,0
TRINITY_DN312048_c0_g3,0
TRINITY_DN227532_c0_g1,0
TRINITY_DN444543_c0_g1,0
TRINITY_DN584855_c0_g1,0
TRINITY_DN233023_c0_g1,0
TRINITY_DN298474_c8_g3,0
TRINITY_DN298813_c1_g2,0
TRINITY_DN316904_c7_g4,0
TRINITY_DN293689_c0_g6,0
TRINITY_DN3513_c0_g1,0
TRINITY_DN316994_c0_g1,0
TRINITY_DN316228_c4_g1,0
TRINITY_DN278381_c0_g3,0
TRINITY_DN296798_c3_g2,0
TRINITY_DN316937_c2_g1,0
TRINITY_DN63784_c0_g1,0
TRINITY_DN310742_c1_g2,0
TRINITY_DN276550_c0_g1,0
TRINITY_DN274638_c1_g1,0
TRINITY_DN104336_c0_g1,0
TRINITY_DN298144_c0_g4,0
TRINITY_DN294772_c3_g1,0
TRINITY_DN444901_c0_g1,0
TRINITY_DN293339_c0_g1,0
TRINITY_DN292979_c1_g7,0
TRINITY_DN276041_c0_g1,0
TRINITY_DN1760_c0_g1,0
TRINITY_DN643251_c0_g1,0
TRINITY_DN293890_c1_g1,0
TRINITY_DN49942_c0_g1,0
TRINITY_DN256610_c1_g1,0
TRINITY_DN222961_c0_g1,0
TRINITY_DN292357_c1_g1,0
TRINITY_DN292978_c1_g11,0
TRINITY_DN314172_c4_g6,0
TRINITY_DN293823_c0_g1,0
TRINITY_DN294776_c2_g3,0
TRINITY_DN295211_c1_g1,0
TRINITY_DN293452_c1_g1,0
TRINITY_DN293398_c0_g1,0
TRINITY_DN299654_c1_g8,0
TRINITY_DN311745_c0_g4,0
TRINITY_DN299790_c1_g2,0
TRINITY_DN311788_c1_g1,0
TRINITY_DN299703_c1_g2,0
TRINITY_DN344594_c0_g1,0
TRINITY_DN583_c0_g1,0
TRINITY_DN274555_c0_g1,0
TRINITY_DN3595_c0_g1,0
TRINITY_DN317291_c9_g1,0
TRINITY_DN312706_c2_g1,0
TRINITY_DN61938_c0_g1,0
TRINITY_DN104668_c0_g1,0
TRINITY_DN311478_c0_g2,0
TRINITY_DN256627_c0_g1,0
TRINITY_DN674852_c0_g1,0
TRINITY_DN612342_c0_g1,0
TRINITY_DN312754_c4_g1,0
TRINITY_DN4611_c0_g1,0
TRINITY_DN238496_c0_g2,0
TRINITY_DN375619_c0_g1,0
TRINITY_DN314889_c0_g1,0
TRINITY_DN234204_c0_g1,0
TRINITY_DN29824_c0_g1,0
TRINITY_DN292914_c0_g1,0
TRINITY_DN311745_c0_g5,0
TRINITY_DN545_c0_g1,0
TRINITY_DN541_c0_g1,0
TRINITY_DN234170_c0_g1,0
TRINITY_DN663148_c0_g1,0
TRINITY_DN591414_c0_g1,0
TRINITY_DN105309_c0_g1,0
TRINITY_DN292978_c1_g8,0
TRINITY_DN311784_c1_g2,0
TRINITY_DN3721_c0_g1,0
TRINITY_DN310732_c0_g1,0
TRINITY_DN102024_c0_g1,0
TRINITY_DN298161_c0_g2,0
TRINITY_DN23109_c0_g1,0
TRINITY_DN173771_c0_g1,0
TRINITY_DN294650_c0_g3,0
TRINITY_DN293493_c0_g1,0
TRINITY_DN4577_c0_g1,0
TRINITY_DN314258_c2_g4,0
TRINITY_DN220743_c0_g1,0
TRINITY_DN312009_c2_g3,0
TRINITY_DN312088_c0_g1,0
TRINITY_DN310743_c5_g3,0
TRINITY_DN292978_c1_g1,0
TRINITY_DN296750_c0_g4,0
TRINITY_DN255207_c1_g1,0
TRINITY_DN15165_c0_g1,0
TRINITY_DN663150_c0_g1,0
TRINITY_DN295007_c1_g2,0
TRINITY_DN255897_c0_g1,0
TRINITY_DN222967_c0_g1,0
TRINITY_DN311980_c1_g1,0
TRINITY_DN311980_c3_g9,0
TRINITY_DN294776_c2_g2,0
TRINITY_DN314157_c1_g2,0
TRINITY_DN298693_c3_g4,0
TRINITY_DN256214_c0_g1,0
TRINITY_DN293823_c0_g2,0
TRINITY_DN296798_c2_g1,0
TRINITY_DN61086_c0_g1,0
TRINITY_DN316958_c2_g1,0
TRINITY_DN311473_c1_g1,0
TRINITY_DN226649_c0_g1,0
TRINITY_DN39849_c0_g1,0
TRINITY_DN299654_c1_g11,0
TRINITY_DN276630_c0_g1,0
TRINITY_DN256598_c0_g1,0
TRINITY_DN293452_c1_g3,0
TRINITY_DN296270_c3_g2,0
TRINITY_DN296361_c0_g2,0
TRINITY_DN277294_c1_g1,0
TRINITY_DN6734_c0_g1,0
TRINITY_DN271279_c0_g1,0
TRINITY_DN277398_c0_g2,0
TRINITY_DN316937_c2_g2,0
TRINITY_DN311798_c0_g3,0
TRINITY_DN461206_c0_g1,0
TRINITY_DN292395_c0_g2,0
TRINITY_DN172838_c1_g1,0
TRINITY_DN222927_c0_g1,0
TRINITY_DN255282_c0_g1,0
TRINITY_DN255268_c0_g1,0
TRINITY_DN292371_c6_g6,0
TRINITY_DN251925_c2_g1,0
TRINITY_DN294107_c0_g1,0
TRINITY_DN296378_c1_g1,0
TRINITY_DN231213_c0_g1,0
TRINITY_DN316974_c2_g1,0
TRINITY_DN310764_c2_g2,0
TRINITY_DN176942_c0_g1,0
TRINITY_DN54022_c0_g1,0
TRINITY_DN38474_c0_g1,0
TRINITY_DN293826_c5_g5,0
TRINITY_DN311789_c3_g3,0
TRINITY_DN314109_c0_g1,0
TRINITY_DN257937_c0_g1,0
TRINITY_DN316937_c0_g3,0
TRINITY_DN278381_c0_g1,0
TRINITY_DN34932_c0_g1,0
TRINITY_DN233681_c0_g1,0
TRINITY_DN256571_c0_g1,0
TRINITY_DN371618_c0_g1,0
TRINITY_DN292371_c2_g1,0
TRINITY_DN1195_c0_g1,0
TRINITY_DN463961_c0_g1,0
TRINITY_DN524450_c0_g1,0
TRINITY_DN689298_c0_g1,0
TRINITY_DN676967_c0_g1,0
TRINITY_DN311789_c3_g4,0
TRINITY_DN299206_c0_g3,0
TRINITY_DN256321_c0_g1,0
TRINITY_DN276290_c0_g1,0
TRINITY_DN276861_c0_g1,0
TRINITY_DN312799_c0_g2,0
TRINITY_DN274557_c0_g1,0
TRINITY_DN3980_c0_g1,0
TRINITY_DN276570_c0_g1,0
TRINITY_DN276844_c0_g1,0
TRINITY_DN314279_c1_g4,0
TRINITY_DN172872_c0_g2,0
TRINITY_DN3846_c0_g1,0
TRINITY_DN114829_c0_g1,0
TRINITY_DN656600_c0_g1,0
TRINITY_DN254119_c0_g1,0
TRINITY_DN254039_c0_g1,0
TRINITY_DN293685_c4_g1,0
TRINITY_DN277060_c0_g1,0
TRINITY_DN295077_c0_g1,0
TRINITY_DN226189_c0_g1,0
TRINITY_DN296270_c3_g7,0
TRINITY_DN312717_c0_g1,0
TRINITY_DN223890_c1_g1,0
TRINITY_DN277254_c0_g1,0
TRINITY_DN104617_c0_g1,0
TRINITY_DN25108_c0_g1,0
TRINITY_DN271689_c0_g1,0
TRINITY_DN277217_c0_g1,0
TRINITY_DN298414_c0_g1,0
TRINITY_DN277913_c0_g1,0
TRINITY_DN116770_c0_g1,0
TRINITY_DN318556_c0_g1,0
TRINITY_DN299654_c1_g1,0
TRINITY_DN278959_c0_g1,0
TRINITY_DN259597_c0_g1,0
TRINITY_DN299200_c0_g1,0
TRINITY_DN317252_c1_g1,0
TRINITY_DN5531_c0_g1,0
TRINITY_DN278895_c0_g1,0
TRINITY_DN451916_c0_g1,0
TRINITY_DN222905_c0_g1,0
TRINITY_DN385118_c0_g1,0
TRINITY_DN52406_c0_g1,0
TRINITY_DN296751_c0_g1,0
TRINITY_DN238284_c0_g1,0
TRINITY_DN5992_c0_g1,0
TRINITY_DN104326_c0_g1,0
TRINITY_DN3385_c0_g1,0
TRINITY_DN3974_c0_g1,0
TRINITY_DN311079_c4_g4,0
TRINITY_DN462199_c0_g1,0
TRINITY_DN292666_c0_g1,0
TRINITY_DN312087_c1_g1,0
TRINITY_DN546034_c0_g1,0.921229162989115
TRINITY_DN324957_c0_g1,0.78557885989285
TRINITY_DN684474_c0_g1,0.860843278521351
TRINITY_DN154829_c0_g1,0.944673692211951
TRINITY_DN689918_c0_g1,0.950777238857415
TRINITY_DN255222_c0_g1,0.552370876507079
TRINITY_DN485646_c0_g1,0.880243662921816
TRINITY_DN226665_c1_g1,0.763341721410113
TRINITY_DN312095_c1_g3,0.990687500583322
TRINITY_DN314164_c0_g3,0.607746255145614
TRINITY_DN254116_c0_g1,0.657399250001684
TRINITY_DN228021_c1_g1,0.978498014835211
TRINITY_DN464936_c0_g1,0.978498014835211
TRINITY_DN481899_c0_g1,0.978498014835211
TRINITY_DN591509_c0_g1,0.978498014835211
TRINITY_DN637501_c0_g1,0.978498014835211
TRINITY_DN676151_c0_g1,0.978498014835211
TRINITY_DN312713_c2_g3,0.595905897328973
TRINITY_DN295277_c3_g1,0.878245347229773
TRINITY_DN312095_c1_g1,0.898490898596158
TRINITY_DN227581_c0_g1,0.933388351748234
TRINITY_DN151574_c0_g1,0.721761264001075
TRINITY_DN314103_c0_g3,0.936904729252173
TRINITY_DN314835_c0_g2,0.894205146690278
TRINITY_DN299045_c0_g1,0.850239493251982
TRINITY_DN27642_c0_g1,0.936113066184122
TRINITY_DN274638_c2_g1,0.888165349340037
TRINITY_DN294138_c0_g1,0.82170389870385
TRINITY_DN316957_c1_g3,0.92116608948019
TRINITY_DN338140_c0_g1,0.939348276217562
TRINITY_DN252859_c1_g1,0.896942308178249
TRINITY_DN17630_c0_g1,0.613621586730437
TRINITY_DN175183_c0_g1,0.710866205803389
TRINITY_DN2951_c0_g1,0.913384982262627
TRINITY_DN314279_c1_g1,0.811878727725415
TRINITY_DN11123_c0_g1,0.883696077933867
TRINITY_DN299049_c2_g2,0.739587599857162
TRINITY_DN227581_c0_g2,0.848038331567093
TRINITY_DN292955_c3_g2,0.672126212808582
TRINITY_DN2157_c0_g1,0.815999658182967
TRINITY_DN293388_c2_g1,0.796481884440252
TRINITY_DN34458_c0_g1,0.796481884440252
TRINITY_DN276572_c0_g1,0
TRINITY_DN274620_c0_g1,0
TRINITY_DN6211_c0_g1,0
TRINITY_DN314624_c2_g1,0
TRINITY_DN250513_c0_g1,0
TRINITY_DN292991_c0_g1,0
TRINITY_DN298449_c4_g2,0
TRINITY_DN293452_c1_g5,0
TRINITY_DN299042_c0_g1,0
TRINITY_DN271550_c0_g1,0
TRINITY_DN106798_c0_g1,0
TRINITY_DN344039_c0_g1,0
TRINITY_DN251347_c0_g1,0
TRINITY_DN234183_c0_g1,0
TRINITY_DN274806_c0_g1,0
TRINITY_DN292393_c0_g1,0
TRINITY_DN46290_c0_g1,0
TRINITY_DN298441_c0_g1,0
TRINITY_DN312087_c2_g2,0
TRINITY_DN226968_c0_g1,0
TRINITY_DN278992_c0_g1,0
TRINITY_DN278929_c0_g1,0
TRINITY_DN294142_c0_g1,0
TRINITY_DN298474_c8_g2,0
TRINITY_DN274573_c0_g1,0
TRINITY_DN312799_c0_g1,0
TRINITY_DN173935_c0_g2,0
TRINITY_DN256697_c0_g1,0
TRINITY_DN656609_c0_g1,0
TRINITY_DN277058_c0_g1,0
TRINITY_DN4080_c0_g1,0
TRINITY_DN31078_c0_g1,0
TRINITY_DN295221_c0_g1,0
TRINITY_DN46335_c0_g1,0
TRINITY_DN220745_c0_g1,0
TRINITY_DN292338_c0_g3,0
TRINITY_DN38553_c0_g1,0
TRINITY_DN277041_c0_g1,0
TRINITY_DN271219_c0_g2,0
TRINITY_DN234207_c0_g2,0
TRINITY_DN314846_c0_g1,0
TRINITY_DN311798_c0_g4,0
TRINITY_DN542301_c0_g1,0
TRINITY_DN299202_c0_g2,0
TRINITY_DN226662_c0_g1,0
TRINITY_DN278997_c0_g1,0
TRINITY_DN274827_c0_g1,0
TRINITY_DN40876_c0_g1,0
TRINITY_DN274710_c0_g1,0
TRINITY_DN226743_c0_g1,0
TRINITY_DN1318_c0_g1,0
TRINITY_DN294611_c0_g1,0
TRINITY_DN119657_c0_g1,0
TRINITY_DN35249_c0_g1,0
TRINITY_DN293813_c0_g2,0
TRINITY_DN35297_c0_g1,0
TRINITY_DN293388_c2_g2,0
TRINITY_DN296277_c0_g1,0
TRINITY_DN254005_c0_g2,0
TRINITY_DN299654_c2_g1,0
TRINITY_DN340747_c0_g1,0
TRINITY_DN292908_c0_g1,0
TRINITY_DN299201_c0_g1,0
TRINITY_DN252078_c0_g1,0
TRINITY_DN314170_c1_g1,0
TRINITY_DN274007_c0_g1,0
TRINITY_DN668961_c0_g1,0
TRINITY_DN255224_c0_g1,0
TRINITY_DN274862_c0_g1,0
TRINITY_DN298841_c5_g1,0
TRINITY_DN296364_c0_g2,0
TRINITY_DN61719_c0_g1,0
TRINITY_DN316268_c0_g3,0
TRINITY_DN276609_c0_g1,0
TRINITY_DN256470_c1_g2,0
TRINITY_DN316928_c2_g1,0
TRINITY_DN234174_c0_g1,0
TRINITY_DN271252_c0_g1,0
TRINITY_DN136047_c0_g1,0
TRINITY_DN292974_c9_g1,0
TRINITY_DN111763_c0_g1,0
TRINITY_DN277086_c0_g1,0
TRINITY_DN292991_c0_g3,0
TRINITY_DN314622_c5_g6,0
TRINITY_DN274792_c0_g1,0
TRINITY_DN314152_c5_g6,0
TRINITY_DN106794_c0_g1,0
TRINITY_DN276562_c0_g1,0
TRINITY_DN314172_c4_g2,0
TRINITY_DN34939_c0_g1,0
TRINITY_DN223874_c0_g1,0
TRINITY_DN222132_c0_g1,0
TRINITY_DN256947_c0_g1,0
TRINITY_DN299021_c0_g1,0
TRINITY_DN294612_c2_g1,0
TRINITY_DN371627_c0_g1,0
TRINITY_DN312087_c2_g4,0
TRINITY_DN220412_c0_g1,0
TRINITY_DN255934_c0_g1,0
TRINITY_DN276040_c0_g1,0
TRINITY_DN298236_c0_g1,0
TRINITY_DN311789_c3_g6,0
TRINITY_DN234132_c0_g1,0
TRINITY_DN256524_c0_g1,0
TRINITY_DN256218_c0_g1,0
TRINITY_DN276866_c0_g1,0
TRINITY_DN276534_c0_g1,0
TRINITY_DN227332_c0_g1,0
TRINITY_DN311463_c3_g3,0
TRINITY_DN226098_c0_g2,0
TRINITY_DN255962_c0_g1,0
TRINITY_DN298238_c0_g1,0
TRINITY_DN299796_c0_g1,0
TRINITY_DN299268_c0_g1,0
TRINITY_DN314171_c0_g1,0
TRINITY_DN234164_c0_g1,0
TRINITY_DN34923_c0_g1,0
TRINITY_DN394_c0_g1,0
TRINITY_DN316928_c1_g1,0
TRINITY_DN250504_c0_g1,0
TRINITY_DN294125_c0_g1,0
TRINITY_DN277051_c0_g1,0
TRINITY_DN227587_c0_g1,0
TRINITY_DN250513_c1_g1,0
TRINITY_DN226045_c0_g1,0
TRINITY_DN274628_c0_g1,0
TRINITY_DN251931_c0_g1,0
TRINITY_DN15060_c0_g1,0
TRINITY_DN292978_c1_g12,0
TRINITY_DN227395_c0_g1,0
TRINITY_DN173945_c0_g1,0
TRINITY_DN523722_c0_g1,0
TRINITY_DN299262_c3_g1,0
TRINITY_DN278814_c0_g1,0
TRINITY_DN46292_c0_g1,0
TRINITY_DN298612_c2_g13,0
TRINITY_DN259660_c0_g1,0
TRINITY_DN294747_c0_g4,0
TRINITY_DN255994_c0_g1,0
TRINITY_DN277206_c0_g1,0
TRINITY_DN4991_c0_g1,0
TRINITY_DN311464_c0_g1,0
TRINITY_DN173266_c0_g1,0
TRINITY_DN444568_c0_g1,0
TRINITY_DN252811_c1_g1,0
TRINITY_DN312009_c2_g1,0
TRINITY_DN5483_c0_g1,0
TRINITY_DN299261_c0_g1,0
TRINITY_DN277077_c0_g1,0
TRINITY_DN371120_c0_g1,0
TRINITY_DN293826_c2_g1,0
TRINITY_DN252871_c0_g1,0
TRINITY_DN64302_c0_g1,0
TRINITY_DN59148_c0_g1,0
TRINITY_DN293493_c3_g7,0
TRINITY_DN46212_c0_g1,0
TRINITY_DN296369_c0_g1,0
TRINITY_DN231545_c0_g1,0
TRINITY_DN119659_c0_g1,0
TRINITY_DN298449_c1_g1,0
TRINITY_DN255209_c0_g1,0
TRINITY_DN278828_c0_g1,0
TRINITY_DN102050_c0_g1,0
TRINITY_DN310027_c3_g2,0
TRINITY_DN68990_c0_g1,0
TRINITY_DN316953_c9_g5,0
TRINITY_DN292902_c0_g1,0
TRINITY_DN293899_c0_g2,0
TRINITY_DN65927_c0_g1,0
TRINITY_DN2350_c0_g1,0
TRINITY_DN256516_c0_g1,0
TRINITY_DN314275_c4_g5,0
TRINITY_DN312794_c0_g1,0
TRINITY_DN257969_c0_g1,0
TRINITY_DN278381_c0_g8,0
TRINITY_DN276533_c0_g1,0
TRINITY_DN274820_c0_g1,0
TRINITY_DN31485_c0_g1,0
TRINITY_DN292978_c1_g4,0
TRINITY_DN172870_c0_g1,0
TRINITY_DN375679_c0_g1,0
TRINITY_DN277084_c0_g2,0
TRINITY_DN299791_c0_g1,0
TRINITY_DN296210_c0_g1,0
TRINITY_DN293398_c2_g5,0
TRINITY_DN312793_c6_g1,0
TRINITY_DN250556_c0_g1,0
TRINITY_DN298612_c2_g7,0
TRINITY_DN22612_c0_g1,0
TRINITY_DN296714_c0_g1,0
TRINITY_DN6376_c0_g1,0
TRINITY_DN274528_c0_g1,0
TRINITY_DN238493_c0_g1,0
TRINITY_DN254312_c0_g1,0
TRINITY_DN277205_c0_g1,0
TRINITY_DN314172_c4_g7,0
TRINITY_DN296798_c5_g1,0
TRINITY_DN259684_c0_g1,0
TRINITY_DN293478_c2_g9,0
TRINITY_DN314256_c2_g1,0
TRINITY_DN314154_c3_g1,0
TRINITY_DN11011_c0_g1,0
TRINITY_DN311781_c3_g1,0
TRINITY_DN311481_c0_g1,0
TRINITY_DN49372_c0_g1,0
TRINITY_DN292954_c0_g1,0
TRINITY_DN295084_c0_g1,0
TRINITY_DN380114_c0_g1,0
TRINITY_DN35361_c0_g1,0
TRINITY_DN294182_c0_g1,0
TRINITY_DN271514_c0_g1,0
TRINITY_DN40154_c0_g1,0
TRINITY_DN338293_c0_g1,0
TRINITY_DN106038_c0_g1,0
TRINITY_DN276635_c0_g1,0
TRINITY_DN295073_c1_g3,0
TRINITY_DN234230_c0_g1,0
TRINITY_DN256619_c0_g1,0
TRINITY_DN278317_c0_g1,0
TRINITY_DN451931_c0_g1,0
TRINITY_DN277376_c0_g1,0
TRINITY_DN255289_c0_g2,0
TRINITY_DN102060_c0_g1,0
TRINITY_DN274669_c0_g1,0
TRINITY_DN311789_c3_g1,0
TRINITY_DN274821_c0_g1,0
TRINITY_DN310767_c0_g1,0
TRINITY_DN292381_c0_g1,0
TRINITY_DN299262_c3_g2,0
TRINITY_DN15057_c0_g1,0
TRINITY_DN314152_c5_g2,0
TRINITY_DN649994_c0_g1,0
TRINITY_DN104215_c0_g1,0
TRINITY_DN310726_c5_g3,0
TRINITY_DN256328_c0_g1,0
TRINITY_DN294741_c0_g1,0
TRINITY_DN324631_c0_g1,0
TRINITY_DN295211_c1_g3,0
TRINITY_DN298693_c0_g1,0
TRINITY_DN591421_c0_g1,0
TRINITY_DN64322_c0_g1,0
TRINITY_DN299782_c2_g6,0
TRINITY_DN292335_c2_g11,0
TRINITY_DN238132_c0_g1,0
TRINITY_DN314105_c1_g3,0
TRINITY_DN2781_c0_g1,0
TRINITY_DN211146_c0_g1,0
TRINITY_DN292382_c1_g1,0
TRINITY_DN227519_c0_g1,0
TRINITY_DN294143_c0_g1,0
TRINITY_DN314166_c1_g1,0
TRINITY_DN234268_c0_g1,0
TRINITY_DN233019_c0_g1,0
TRINITY_DN276814_c0_g1,0
TRINITY_DN227521_c0_g1,0
TRINITY_DN250555_c0_g1,0
TRINITY_DN238633_c1_g1,0
TRINITY_DN59383_c0_g1,0
TRINITY_DN251965_c0_g1,0
TRINITY_DN172943_c0_g1,0
TRINITY_DN373_c0_g1,0
TRINITY_DN254231_c0_g1,0
TRINITY_DN449899_c0_g1,0
TRINITY_DN223622_c0_g1,0
TRINITY_DN295262_c7_g3,0
TRINITY_DN295262_c7_g2,0
TRINITY_DN175181_c0_g1,0
TRINITY_DN296771_c4_g3,0
TRINITY_DN542703_c0_g1,0
TRINITY_DN271644_c0_g1,0
TRINITY_DN278816_c0_g1,0
TRINITY_DN151582_c0_g1,0
TRINITY_DN299639_c5_g1,0
TRINITY_DN314624_c5_g1,0
TRINITY_DN314275_c3_g1,0
TRINITY_DN251098_c0_g1,0
TRINITY_DN310732_c2_g4,0
TRINITY_DN298612_c1_g1,0
TRINITY_DN11409_c0_g1,0
TRINITY_DN277042_c0_g1,0
TRINITY_DN254068_c0_g1,0
TRINITY_DN254274_c0_g1,0
TRINITY_DN278829_c0_g3,0
TRINITY_DN311476_c0_g1,0
TRINITY_DN111467_c0_g1,0
TRINITY_DN293346_c1_g1,0
TRINITY_DN298449_c2_g1,0
TRINITY_DN274866_c0_g1,0
TRINITY_DN104808_c0_g1,0
TRINITY_DN252873_c0_g1,0
TRINITY_DN4817_c0_g1,0
TRINITY_DN257932_c0_g1,0
TRINITY_DN312747_c0_g1,0
TRINITY_DN173734_c0_g1,0
TRINITY_DN256595_c0_g1,0
TRINITY_DN254087_c0_g1,0
TRINITY_DN277084_c0_g1,0
TRINITY_DN173775_c0_g1,0
TRINITY_DN523506_c0_g1,0
TRINITY_DN299262_c1_g2,0
TRINITY_DN231231_c0_g1,0
TRINITY_DN277378_c0_g1,0
TRINITY_DN312739_c4_g1,0
TRINITY_DN227395_c0_g2,0
TRINITY_DN316953_c8_g3,0
TRINITY_DN256665_c0_g1,0
TRINITY_DN151783_c0_g1,0
TRINITY_DN255881_c0_g1,0
TRINITY_DN374437_c0_g1,0
TRINITY_DN111503_c0_g1,0
TRINITY_DN292978_c1_g9,0
TRINITY_DN62175_c0_g1,0
TRINITY_DN222928_c0_g1,0
TRINITY_DN296798_c4_g1,0
TRINITY_DN311476_c1_g7,0
TRINITY_DN317253_c3_g1,0
TRINITY_DN294650_c0_g6,0
TRINITY_DN312717_c0_g2,0
TRINITY_DN353821_c0_g1,0
TRINITY_DN318561_c0_g1,0
TRINITY_DN316993_c0_g1,0
TRINITY_DN294753_c1_g3,0
TRINITY_DN294143_c0_g2,0
TRINITY_DN110409_c0_g1,0
TRINITY_DN34987_c0_g1,0
TRINITY_DN292337_c0_g3,0
TRINITY_DN227522_c0_g1,0
TRINITY_DN311789_c3_g2,0
TRINITY_DN312069_c1_g2,0
TRINITY_DN292338_c3_g4,0
TRINITY_DN316937_c0_g1,0
TRINITY_DN2351_c0_g1,0
TRINITY_DN310760_c0_g1,0
TRINITY_DN32468_c0_g1,0
TRINITY_DN227348_c0_g1,0
TRINITY_DN25591_c0_g1,0
TRINITY_DN316648_c0_g4,0
TRINITY_DN294675_c2_g1,0
TRINITY_DN234238_c0_g1,0
TRINITY_DN401797_c0_g1,0
TRINITY_DN294781_c2_g7,0
TRINITY_DN316613_c0_g1,0
TRINITY_DN298612_c1_g2,0
TRINITY_DN294105_c0_g1,0
TRINITY_DN674304_c0_g1,0
TRINITY_DN294767_c3_g1,0
TRINITY_DN316904_c8_g2,0
TRINITY_DN226098_c0_g1,0
TRINITY_DN317245_c2_g2,0
TRINITY_DN256968_c0_g3,0
TRINITY_DN294781_c2_g5,0
TRINITY_DN46498_c0_g1,0
TRINITY_DN371300_c0_g1,0
TRINITY_DN293698_c3_g3,0
TRINITY_DN314152_c2_g1,0
TRINITY_DN298604_c8_g4,0
TRINITY_DN310749_c0_g2,0
TRINITY_DN226165_c0_g1,0
TRINITY_DN317694_c0_g1,0
TRINITY_DN492531_c0_g1,0
TRINITY_DN298474_c3_g1,0
TRINITY_DN314275_c4_g6,0
TRINITY_DN314624_c5_g3,0
TRINITY_DN444556_c0_g1,0
TRINITY_DN314627_c0_g1,0
TRINITY_DN1726_c0_g1,0
TRINITY_DN295214_c0_g1,0
TRINITY_DN226924_c0_g2,0
TRINITY_DN276812_c0_g1,0
TRINITY_DN37136_c0_g1,0
TRINITY_DN104822_c0_g1,0
TRINITY_DN292998_c5_g4,0
TRINITY_DN227743_c0_g1,0
TRINITY_DN311980_c2_g1,0
TRINITY_DN298449_c0_g1,0
TRINITY_DN324953_c0_g1,0
TRINITY_DN317613_c0_g1,0
TRINITY_DN106757_c0_g1,0
TRINITY_DN292974_c5_g2,0
TRINITY_DN311476_c1_g1,0
TRINITY_DN375662_c0_g1,0
TRINITY_DN294772_c2_g3,0
TRINITY_DN312083_c1_g1,0
TRINITY_DN105130_c0_g1,0
TRINITY_DN311475_c2_g2,0
TRINITY_DN314152_c5_g5,0
TRINITY_DN228066_c0_g1,0
TRINITY_DN316904_c8_g8,0
TRINITY_DN621412_c0_g1,0
TRINITY_DN316227_c2_g3,0
TRINITY_DN250562_c0_g1,0
TRINITY_DN66420_c0_g1,0
TRINITY_DN119056_c0_g1,0
TRINITY_DN65665_c0_g1,0
TRINITY_DN316213_c1_g1,0
TRINITY_DN67643_c0_g1,0
TRINITY_DN666201_c0_g1,0
TRINITY_DN151358_c0_g1,0
TRINITY_DN276265_c1_g1,0
TRINITY_DN375669_c0_g1,0
TRINITY_DN449831_c0_g1,0
TRINITY_DN449828_c0_g1,0
TRINITY_DN151698_c0_g1,0
TRINITY_DN256646_c0_g1,0
TRINITY_DN298604_c6_g1,0
TRINITY_DN316974_c2_g5,0
TRINITY_DN226747_c0_g1,0
TRINITY_DN256589_c0_g1,0
TRINITY_DN292338_c0_g5,0
TRINITY_DN271254_c0_g1,0
TRINITY_DN175244_c0_g1,0
TRINITY_DN311497_c0_g1,0
TRINITY_DN31727_c0_g1,0
TRINITY_DN259664_c0_g1,0
TRINITY_DN298841_c5_g5,0
TRINITY_DN254002_c0_g2,0
TRINITY_DN27666_c0_g1,0
TRINITY_DN175438_c0_g1,0
TRINITY_DN593439_c0_g1,0
TRINITY_DN278327_c0_g1,0
TRINITY_DN223873_c0_g1,0
TRINITY_DN254319_c0_g1,0
TRINITY_DN292335_c2_g7,0
TRINITY_DN231261_c0_g1,0
TRINITY_DN6109_c0_g1,0
TRINITY_DN299654_c1_g2,0
TRINITY_DN619895_c0_g1,0
TRINITY_DN68467_c0_g1,0
TRINITY_DN276550_c1_g1,0
TRINITY_DN492882_c0_g1,0
TRINITY_DN256911_c0_g1,0
TRINITY_DN295075_c3_g2,0
TRINITY_DN292998_c3_g1,0
TRINITY_DN254275_c0_g1,0
TRINITY_DN292978_c1_g7,0
TRINITY_DN299703_c0_g1,0
TRINITY_DN584368_c0_g1,0
TRINITY_DN292338_c3_g1,0
TRINITY_DN254002_c0_g1,0
TRINITY_DN102005_c0_g1,0
TRINITY_DN375318_c0_g1,0
TRINITY_DN25625_c0_g1,0
TRINITY_DN27648_c0_g1,0
TRINITY_DN278999_c3_g2,0
TRINITY_DN227518_c0_g1,0
TRINITY_DN46282_c0_g1,0
TRINITY_DN298474_c8_g1,0
TRINITY_DN38429_c0_g1,0
TRINITY_DN643030_c0_g1,0
TRINITY_DN296219_c2_g2,0
TRINITY_DN23848_c0_g1,0
TRINITY_DN116779_c0_g1,0
TRINITY_DN385652_c0_g1,0
TRINITY_DN114041_c0_g1,0
TRINITY_DN299782_c2_g1,0
TRINITY_DN228041_c0_g1,0
TRINITY_DN29501_c0_g1,0
TRINITY_DN227361_c0_g1,0
TRINITY_DN292321_c0_g1,0
TRINITY_DN310749_c0_g3,0
TRINITY_DN150674_c0_g1,0
TRINITY_DN293689_c0_g7,0
TRINITY_DN311789_c4_g2,0
TRINITY_DN310742_c0_g3,0
TRINITY_DN102006_c0_g1,0
TRINITY_DN278821_c0_g3,0
TRINITY_DN277213_c0_g2,0
TRINITY_DN316904_c6_g1,0
TRINITY_DN311038_c4_g1,0
TRINITY_DN255272_c0_g1,0
TRINITY_DN274553_c0_g1,0
TRINITY_DN311784_c2_g1,0
TRINITY_DN228029_c0_g1,0
TRINITY_DN278999_c3_g10,0
TRINITY_DN312087_c2_g3,0
TRINITY_DN52447_c0_g1,0
TRINITY_DN294674_c5_g1,0
TRINITY_DN231519_c0_g1,0
TRINITY_DN259592_c0_g1,0
TRINITY_DN294767_c1_g1,0
TRINITY_DN227744_c0_g1,0
TRINITY_DN256923_c0_g1,0
TRINITY_DN251012_c0_g1,0
TRINITY_DN278958_c0_g1,0
TRINITY_DN311980_c3_g6,0
TRINITY_DN299049_c2_g7,0
TRINITY_DN294137_c1_g2,0
TRINITY_DN25630_c0_g1,0
TRINITY_DN278922_c0_g2,0
TRINITY_DN256582_c0_g1,0
TRINITY_DN46031_c0_g1,0
TRINITY_DN311497_c0_g3,0
TRINITY_DN39891_c0_g1,0
TRINITY_DN312795_c0_g6,0
TRINITY_DN292971_c0_g3,0
TRINITY_DN173146_c0_g1,0
TRINITY_DN49422_c0_g1,0
TRINITY_DN316906_c4_g2,0
TRINITY_DN314646_c0_g1,0
TRINITY_DN292329_c0_g2,0
TRINITY_DN274556_c0_g1,0
TRINITY_DN293474_c0_g1,0
TRINITY_DN312087_c2_g7,0
TRINITY_DN316287_c1_g5,0
TRINITY_DN314172_c4_g5,0
TRINITY_DN257967_c0_g1,0
TRINITY_DN2516_c0_g1,0
TRINITY_DN293398_c2_g10,0
TRINITY_DN371308_c0_g1,0
TRINITY_DN372913_c0_g1,0
TRINITY_DN293689_c0_g5,0
TRINITY_DN294137_c1_g4,0
TRINITY_DN238256_c0_g1,0
TRINITY_DN227330_c0_g1,0
TRINITY_DN312000_c0_g1,0
TRINITY_DN316953_c9_g4,0
TRINITY_DN278823_c0_g1,0
TRINITY_DN238495_c0_g1,0
TRINITY_DN271059_c0_g1,0
TRINITY_DN252381_c0_g1,0
TRINITY_DN311038_c5_g2,0
TRINITY_DN226748_c0_g1,0
TRINITY_DN223891_c0_g2,0
TRINITY_DN294767_c5_g6,0
TRINITY_DN102664_c0_g1,0
TRINITY_DN292662_c0_g1,0
TRINITY_DN298809_c0_g1,0
TRINITY_DN311980_c3_g5,0
TRINITY_DN256968_c0_g2,0
TRINITY_DN540238_c0_g1,0
TRINITY_DN293342_c0_g1,0
TRINITY_DN293689_c0_g4,0
TRINITY_DN254004_c0_g1,0
TRINITY_DN294137_c1_g1,0
TRINITY_DN277050_c0_g2,0
TRINITY_DN311759_c0_g1,0
TRINITY_DN293348_c0_g1,0
TRINITY_DN278999_c3_g8,0
TRINITY_DN293899_c0_g1,0
TRINITY_DN664099_c0_g1,0
TRINITY_DN314624_c5_g2,0
TRINITY_DN6435_c0_g1,0
TRINITY_DN312797_c0_g1,0
TRINITY_DN3764_c0_g1,0
TRINITY_DN324284_c0_g1,0
TRINITY_DN292371_c5_g1,0
TRINITY_DN311730_c0_g1,0
TRINITY_DN293483_c0_g1,0
TRINITY_DN314172_c5_g1,0
TRINITY_DN274629_c0_g1,0
TRINITY_DN276996_c1_g1,0
TRINITY_DN314883_c0_g1,0
TRINITY_DN293340_c0_g2,0
TRINITY_DN293823_c0_g5,0
TRINITY_DN294661_c0_g1,0
TRINITY_DN294774_c0_g2,0
TRINITY_DN293685_c5_g1,0
TRINITY_DN151645_c0_g1,0
TRINITY_DN311980_c3_g7,0
TRINITY_DN299657_c0_g1,0
TRINITY_DN254273_c0_g1,0
TRINITY_DN294128_c0_g1,0
TRINITY_DN316610_c0_g3,0
TRINITY_DN310736_c2_g2,0
TRINITY_DN292998_c5_g2,0
TRINITY_DN276047_c0_g1,0
TRINITY_DN238614_c0_g1,0
TRINITY_DN293685_c3_g1,0
TRINITY_DN299271_c0_g2,0
TRINITY_DN371660_c0_g1,0
TRINITY_DN293685_c5_g3,0
TRINITY_DN312791_c0_g1,0
TRINITY_DN314868_c0_g1,0
TRINITY_DN274738_c0_g1,0
TRINITY_DN292336_c0_g2,0
TRINITY_DN314218_c0_g1,0
TRINITY_DN299782_c2_g5,0
TRINITY_DN276567_c0_g1,0
TRINITY_DN277201_c0_g1,0
TRINITY_DN278315_c0_g1,0
TRINITY_DN278322_c0_g1,0
TRINITY_DN312007_c1_g2,0
TRINITY_DN278349_c0_g1,0
TRINITY_DN292380_c0_g1,0
TRINITY_DN274843_c0_g1,0
TRINITY_DN274624_c0_g1,0
TRINITY_DN274887_c0_g1,0
TRINITY_DN233029_c0_g1,0
TRINITY_DN293334_c0_g1,0
TRINITY_DN293391_c0_g2,0
TRINITY_DN311474_c0_g1,0
TRINITY_DN234179_c0_g1,0
TRINITY_DN298448_c0_g1,0
TRINITY_DN276999_c0_g2,0
TRINITY_DN271211_c1_g1,0
TRINITY_DN294769_c0_g1,0
TRINITY_DN312062_c0_g1,0
TRINITY_DN298814_c0_g1,0
TRINITY_DN293388_c1_g1,0
TRINITY_DN293338_c0_g2,0
TRINITY_DN293381_c0_g2,0
TRINITY_DN222933_c0_g1,0
TRINITY_DN299272_c0_g1,0
TRINITY_DN298803_c0_g2,0
TRINITY_DN274896_c0_g1,0
TRINITY_DN310027_c3_g1,0
TRINITY_DN312715_c0_g1,0
TRINITY_DN299724_c0_g1,0
TRINITY_DN278991_c0_g1,0
TRINITY_DN17632_c0_g1,0
TRINITY_DN292356_c1_g1,0
TRINITY_DN293355_c1_g3,0
TRINITY_DN294679_c0_g1,0
TRINITY_DN278316_c0_g2,0
TRINITY_DN233622_c0_g1,0
TRINITY_DN294741_c1_g1,0
TRINITY_DN271007_c0_g1,0
TRINITY_DN238282_c0_g1,0
TRINITY_DN271056_c0_g1,0
TRINITY_DN276013_c0_g1,0
TRINITY_DN310739_c1_g6,0
TRINITY_DN295076_c0_g2,0
TRINITY_DN298698_c0_g1,0
TRINITY_DN594658_c0_g1,0
TRINITY_DN278999_c4_g1,0
TRINITY_DN312096_c4_g1,0
TRINITY_DN314275_c4_g11,0
TRINITY_DN278890_c0_g1,0
TRINITY_DN311980_c3_g4,0
TRINITY_DN312042_c0_g1,0
TRINITY_DN276443_c0_g1,0
TRINITY_DN278815_c0_g1,0
TRINITY_DN294129_c0_g1,0
TRINITY_DN45501_c0_g1,0
TRINITY_DN278825_c0_g1,0
TRINITY_DN316647_c2_g1,0
TRINITY_DN298445_c0_g2,0
TRINITY_DN298449_c4_g1,0
TRINITY_DN226749_c0_g1,0
TRINITY_DN293347_c0_g1,0
TRINITY_DN173733_c0_g1,0
TRINITY_DN298617_c0_g1,0
TRINITY_DN254270_c0_g1,0
TRINITY_DN295088_c0_g1,0
TRINITY_DN299759_c0_g1,0
TRINITY_DN296374_c0_g1,0
TRINITY_DN215871_c0_g1,0
TRINITY_DN311983_c0_g1,0
TRINITY_DN292958_c0_g1,0
TRINITY_DN254086_c0_g1,0
TRINITY_DN294134_c0_g1,0
TRINITY_DN274825_c0_g1,0
TRINITY_DN293812_c1_g1,0
TRINITY_DN314255_c1_g1,0
TRINITY_DN29863_c0_g1,0
TRINITY_DN314210_c0_g2,0
TRINITY_DN310725_c0_g1,0
TRINITY_DN312765_c0_g4,0
TRINITY_DN312761_c0_g1,0
TRINITY_DN256932_c0_g1,0
TRINITY_DN298470_c0_g1,0
TRINITY_DN255206_c0_g1,0
TRINITY_DN292910_c0_g3,0
TRINITY_DN316238_c1_g3,0
TRINITY_DN276012_c0_g1,0
TRINITY_DN296372_c0_g2,0
TRINITY_DN277322_c0_g2,0
TRINITY_DN292998_c5_g3,0
TRINITY_DN104382_c0_g1,0
TRINITY_DN172938_c0_g1,0
TRINITY_DN316647_c2_g3,0
TRINITY_DN316212_c1_g2,0
TRINITY_DN316213_c1_g3,0
TRINITY_DN276867_c0_g2,0
TRINITY_DN292910_c0_g7,0
TRINITY_DN314620_c0_g1,0
TRINITY_DN353273_c0_g1,0
TRINITY_DN296752_c0_g1,0
TRINITY_DN278346_c0_g1,0
TRINITY_DN296771_c4_g1,0
TRINITY_DN278961_c0_g1,0
TRINITY_DN298616_c0_g1,0
TRINITY_DN276563_c0_g1,0
TRINITY_DN276068_c0_g1,0
TRINITY_DN276019_c0_g1,0
TRINITY_DN277059_c0_g1,0
TRINITY_DN314849_c0_g1,0
TRINITY_DN316937_c2_g5,0
TRINITY_DN295210_c0_g1,0
TRINITY_DN311463_c3_g1,0
TRINITY_DN298609_c0_g1,0
TRINITY_DN311036_c1_g1,0
TRINITY_DN314213_c0_g6,0
TRINITY_DN271646_c0_g1,0
TRINITY_DN292971_c0_g2,0
TRINITY_DN276555_c0_g2,0
TRINITY_DN314636_c0_g1,0
TRINITY_DN6268_c0_g1,0
TRINITY_DN226754_c0_g1,0
TRINITY_DN274802_c0_g1,0
TRINITY_DN314151_c2_g2,0
TRINITY_DN276573_c0_g1,0
TRINITY_DN295008_c4_g1,0
TRINITY_DN316974_c2_g3,0
TRINITY_DN296264_c0_g1,0
TRINITY_DN314178_c0_g2,0
TRINITY_DN296361_c0_g1,0
TRINITY_DN316288_c0_g2,0
TRINITY_DN277374_c0_g1,0
TRINITY_DN296272_c0_g2,0
TRINITY_DN277072_c0_g1,0
TRINITY_DN540270_c0_g1,0
TRINITY_DN310762_c3_g1,0
TRINITY_DN311732_c0_g1,0
TRINITY_DN314163_c0_g2,0
TRINITY_DN259159_c0_g1,0
TRINITY_DN294750_c0_g2,0
TRINITY_DN294146_c0_g1,0
TRINITY_DN298612_c2_g5,0
TRINITY_DN277008_c0_g1,0
TRINITY_DN277063_c0_g1,0
TRINITY_DN310721_c0_g1,0
TRINITY_DN298239_c0_g1,0
TRINITY_DN294767_c4_g1,0
TRINITY_DN299753_c0_g3,0
TRINITY_DN296268_c0_g1,0
TRINITY_DN276080_c0_g2,0
TRINITY_DN294677_c2_g1,0
TRINITY_DN293391_c0_g1,0
TRINITY_DN312765_c0_g1,0
TRINITY_DN293484_c0_g1,0
TRINITY_DN231548_c0_g1,0
TRINITY_DN255851_c0_g1,0
TRINITY_DN277296_c0_g1,0
TRINITY_DN277324_c0_g1,0
TRINITY_DN298143_c0_g1,0
TRINITY_DN314839_c0_g3,0
TRINITY_DN292320_c0_g3,0
TRINITY_DN293474_c0_g2,0
TRINITY_DN296719_c0_g2,0
TRINITY_DN271258_c0_g1,0
TRINITY_DN299299_c0_g1,0
TRINITY_DN311498_c1_g1,0
TRINITY_DN48074_c0_g1,0
TRINITY_DN226617_c0_g1,0
TRINITY_DN298815_c0_g1,0
TRINITY_DN256269_c0_g1,0
TRINITY_DN271643_c0_g1,0
TRINITY_DN227315_c0_g1,0
TRINITY_DN314164_c0_g2,0
TRINITY_DN316288_c0_g1,0
TRINITY_DN277064_c0_g1,0
TRINITY_DN31461_c0_g1,0
TRINITY_DN292367_c0_g1,0
TRINITY_DN292369_c0_g1,0
TRINITY_DN255906_c0_g1,0
TRINITY_DN314152_c5_g1,0
TRINITY_DN278342_c0_g1,0
TRINITY_DN317260_c4_g4,0
TRINITY_DN299634_c0_g1,0
TRINITY_DN299298_c0_g1,0
TRINITY_DN298803_c0_g1,0
TRINITY_DN295216_c0_g3,0
TRINITY_DN115924_c0_g1,0
TRINITY_DN105100_c0_g1,0
TRINITY_DN317245_c1_g1,0
TRINITY_DN276565_c0_g1,0
TRINITY_DN299049_c2_g4,0
TRINITY_DN274574_c0_g1,0
TRINITY_DN663178_c0_g1,0
TRINITY_DN294146_c1_g2,0
TRINITY_DN293484_c0_g3,0
TRINITY_DN250512_c0_g1,0
TRINITY_DN102051_c0_g1,0
